1	the
2	be
3	and
4	of
5	a
6	in
7	to
8	have
9	to
10	it
11	I
12	that
13	for
14	you
15	he
16	with
17	on
18	do
19	say
20	this
21	they
22	at
23	but
24	we
25	his
26	from
27	that
28	not
29	n''t
30	by
31	she
32	or
33	as
34	what
35	go
36	their
37	can
38	who
39	get
40	if
41	would
42	her
43	all
44	my
45	make
46	about
47	know
48	will
49	as
50	up
51	one
52	time
53	there
54	year
55	so
56	think
57	when
58	which
59	them
60	some
61	me
62	people
63	take
64	out
65	into
66	just
67	see
68	him
69	your
70	come
71	could
72	now
73	than
74	like
75	other
76	how
77	then
78	its
79	our
80	two
81	more
82	these
83	want
84	way
85	look
86	first
87	also
88	new
89	because
90	day
91	more
92	use
93	no
94	man
95	find
96	here
97	thing
98	give
99	many
100	well
101	only
102	those
103	tell
104	one
105	very
106	her
107	even
108	back
109	any
110	good
111	woman
112	through
113	us
114	life
115	child
116	there
117	work
118	down
119	may
120	after
121	should
122	call
123	world
124	over
125	school
126	still
127	try
128	in
129	as
130	last
131	ask
132	need
133	too
134	feel
135	three
136	when
137	state
138	never
139	become
140	between
141	high
142	really
143	something
144	most
145	another
146	much
147	family
148	own
149	out
150	leave
151	put
152	old
153	while
154	mean
155	on
156	keep
157	student
158	why
159	let
160	great
161	same
162	big
163	group
164	begin
165	seem
166	country
167	help
168	talk
169	where
170	turn
171	problem
172	every
173	start
174	hand
175	might
176	American
177	show
178	part
179	about
180	against
181	place
182	over
183	such
184	again
185	few
186	case
187	most
188	week
189	company
190	where
191	system
192	each
193	right
194	program
195	hear
196	so
197	question
198	during
199	work
200	play
201	government
202	run
203	small
204	number
205	off
206	always
207	move
208	like
209	night
210	live
211	Mr
212	point
213	believe
214	hold
215	today
216	bring
217	happen
218	next
219	without
220	before
221	large
222	all
223	million
224	must
225	home
226	under
227	water
228	room
229	write
230	mother
231	area
232	national
233	money
234	story
235	young
236	fact
237	month
238	different
239	lot
240	right
241	study
242	book
243	eye
244	job
245	word
246	though
247	business
248	issue
249	side
250	kind
251	four
252	head
253	far
254	black
255	long
256	both
257	little
258	house
259	yes
260	after
261	since
262	long
263	provide
264	service
265	around
266	friend
267	important
268	father
269	sit
270	away
271	until
272	power
273	hour
274	game
275	often
276	yet
277	line
278	political
279	end
280	among
281	ever
282	stand
283	bad
284	lose
285	however
286	member
287	pay
288	law
289	meet
290	car
291	city
292	almost
293	include
294	continue
295	set
296	later
297	community
298	much
299	name
300	five
301	once
302	white
303	least
304	president
305	learn
306	real
307	change
308	team
309	minute
310	best
311	several
312	idea
313	kid
314	body
315	information
316	nothing
317	ago
318	right
319	lead
320	social
321	understand
322	whether
323	back
324	watch
325	together
326	follow
327	around
328	parent
329	only
330	stop
331	face
332	anything
333	create
334	public
335	already
336	speak
337	others
338	read
339	level
340	allow
341	add
342	office
343	spend
344	door
345	health
346	person
347	art
348	sure
349	such
350	war
351	history
352	party
353	within
354	grow
355	result
356	open
357	change
358	morning
359	walk
360	reason
361	low
362	win
363	research
364	girl
365	guy
366	early
367	food
368	before
369	moment
370	himself
371	air
372	teacher
373	force
374	offer
375	enough
376	both
377	education
378	across
379	although
380	remember
381	foot
382	second
383	boy
384	maybe
385	toward
386	able
387	age
388	off
389	policy
390	everything
391	love
392	process
393	music
394	including
395	consider
396	appear
397	actually
398	buy
399	probably
400	human
401	wait
402	serve
403	market
404	die
405	send
406	expect
407	home
408	sense
409	build
410	stay
411	fall
412	oh
413	nation
414	plan
415	cut
416	college
417	interest
418	death
419	course
420	someone
421	experience
422	behind
423	reach
424	local
425	kill
426	six
427	remain
428	effect
429	use
430	yeah
431	suggest
432	class
433	control
434	raise
435	care
436	perhaps
437	little
438	late
439	hard
440	field
441	else
442	pass
443	former
444	sell
445	major
446	sometimes
447	require
448	along
449	development
450	themselves
451	report
452	role
453	better
454	economic
455	effort
456	up
457	decide
458	rate
459	strong
460	possible
461	heart
462	drug
463	show
464	leader
465	light
466	voice
467	wife
468	whole
469	police
470	mind
471	finally
472	pull
473	return
474	free
475	military
476	price
477	report
478	less
479	according
480	decision
481	explain
482	son
483	hope
484	even
485	develop
486	view
487	relationship
488	carry
489	town
490	road
491	drive
492	arm
493	TRUE
494	federal
495	break
496	better
497	difference
498	thank
499	receive
500	value
501	international
502	building
503	action
504	full
505	model
506	join
507	season
508	society
509	because
510	tax
511	director
512	early
513	position
514	player
515	agree
516	especially
517	record
518	pick
519	wear
520	paper
521	special
522	space
523	ground
524	form
525	support
526	event
527	official
528	whose
529	matter
530	everyone
531	center
532	couple
533	site
534	end
535	project
536	hit
537	base
538	activity
539	star
540	table
541	need
542	court
543	produce
544	eat
545	American
546	teach
547	oil
548	half
549	situation
550	easy
551	cost
552	industry
553	figure
554	face
555	street
556	image
557	itself
558	phone
559	either
560	data
561	cover
562	quite
563	picture
564	clear
565	practice
566	piece
567	land
568	recent
569	describe
570	product
571	doctor
572	wall
573	patient
574	worker
575	news
576	test
577	movie
578	certain
579	north
580	love
581	personal
582	open
583	support
584	simply
585	third
586	technology
587	catch
588	step
589	baby
590	computer
591	type
592	attention
593	draw
594	film
595	Republican
596	tree
597	source
598	red
599	nearly
600	organization
601	choose
602	cause
603	hair
604	look
605	point
606	century
607	evidence
608	window
609	difficult
610	listen
611	soon
612	culture
613	billion
614	chance
615	brother
616	energy
617	period
618	course
619	summer
620	less
621	realize
622	hundred
623	available
624	plant
625	likely
626	opportunity
627	term
628	short
629	letter
630	condition
631	choice
632	place
633	single
634	rule
635	daughter
636	administration
637	south
638	husband
639	Congress
640	floor
641	campaign
642	material
643	population
644	well
645	call
646	economy
647	medical
648	hospital
649	church
650	close
651	thousand
652	risk
653	current
654	fire
655	future
656	wrong
657	involve
658	defense
659	anyone
660	increase
661	security
662	bank
663	myself
664	certainly
665	west
666	sport
667	board
668	seek
669	per
670	subject
671	officer
672	private
673	rest
674	behavior
675	deal
676	performance
677	fight
678	throw
679	top
680	quickly
681	past
682	goal
683	second
684	bed
685	order
686	author
687	fill
688	represent
689	focus
690	foreign
691	drop
692	plan
693	blood
694	upon
695	agency
696	push
697	nature
698	color
699	no
700	recently
701	store
702	reduce
703	sound
704	note
705	fine
706	before
707	near
708	movement
709	page
710	enter
711	share
712	than
713	common
714	poor
715	other
716	natural
717	race
718	concern
719	series
720	significant
721	similar
722	hot
723	language
724	each
725	usually
726	response
727	dead
728	rise
729	animal
730	factor
731	decade
732	article
733	shoot
734	east
735	save
736	seven
737	artist
738	away
739	scene
740	stock
741	career
742	despite
743	central
744	eight
745	thus
746	treatment
747	beyond
748	happy
749	exactly
750	protect
751	approach
752	lie
753	size
754	dog
755	fund
756	serious
757	occur
758	media
759	ready
760	sign
761	thought
762	list
763	individual
764	simple
765	quality
766	pressure
767	accept
768	answer
769	hard
770	resource
771	identify
772	left
773	meeting
774	determine
775	prepare
776	disease
777	whatever
778	success
779	argue
780	cup
781	particularly
782	amount
783	ability
784	staff
785	recognize
786	indicate
787	character
788	growth
789	loss
790	degree
791	wonder
792	attack
793	herself
794	region
795	television
796	box
797	TV
798	training
799	pretty
800	trade
801	deal
802	election
803	everybody
804	physical
805	lay
806	general
807	feeling
808	standard
809	bill
810	message
811	fail
812	outside
813	arrive
814	analysis
815	benefit
816	name
817	sex
818	forward
819	lawyer
820	present
821	section
822	environmental
823	glass
824	answer
825	skill
826	sister
827	PM
828	professor
829	operation
830	financial
831	crime
832	stage
833	ok
834	compare
835	authority
836	miss
837	design
838	sort
839	one
840	act
841	ten
842	knowledge
843	gun
844	station
845	blue
846	state
847	strategy
848	little
849	clearly
850	discuss
851	indeed
852	force
853	truth
854	song
855	example
856	democratic
857	check
858	environment
859	leg
860	dark
861	public
862	various
863	rather
864	laugh
865	guess
866	executive
867	set
868	study
869	prove
870	hang
871	entire
872	rock
873	design
874	enough
875	forget
876	since
877	claim
878	note
879	remove
880	manager
881	help
882	close
883	sound
884	enjoy
885	network
886	legal
887	religious
888	cold
889	form
890	final
891	main
892	science
893	green
894	memory
895	card
896	above
897	seat
898	cell
899	establish
900	nice
901	trial
902	expert
903	that
904	spring
905	firm
906	Democrat
907	radio
908	visit
909	management
910	care
911	avoid
912	imagine
913	tonight
914	huge
915	ball
916	no
917	close
918	finish
919	yourself
920	talk
921	theory
922	impact
923	respond
924	statement
925	maintain
926	charge
927	popular
928	traditional
929	onto
930	reveal
931	direction
932	weapon
933	employee
934	cultural
935	contain
936	peace
937	head
938	control
939	base
940	pain
941	apply
942	play
943	measure
944	wide
945	shake
946	fly
947	interview
948	manage
949	chair
950	fish
951	particular
952	camera
953	structure
954	politics
955	perform
956	bit
957	weight
958	suddenly
959	discover
960	candidate
961	top
962	production
963	treat
964	trip
965	evening
966	affect
967	inside
968	conference
969	unit
970	best
971	style
972	adult
973	worry
974	range
975	mention
976	rather
977	far
978	deep
979	past
980	edge
981	individual
982	specific
983	writer
984	trouble
985	necessary
986	throughout
987	challenge
988	fear
989	shoulder
990	institution
991	middle
992	sea
993	dream
994	bar
995	beautiful
996	property
997	instead
998	improve
999	stuff
1000	detail
1001	method
1002	sign
1003	somebody
1004	magazine
1005	hotel
1006	soldier
1007	reflect
1008	heavy
1009	sexual
1010	cause
1011	bag
1012	heat
1013	fall
1014	marriage
1015	tough
1016	sing
1017	surface
1018	purpose
1019	exist
1020	pattern
1021	whom
1022	skin
1023	agent
1024	owner
1025	machine
1026	gas
1027	down
1028	ahead
1029	generation
1030	commercial
1031	address
1032	cancer
1033	test
1034	item
1035	reality
1036	coach
1037	step
1038	Mrs
1039	yard
1040	beat
1041	violence
1042	total
1043	tend
1044	investment
1045	discussion
1046	finger
1047	garden
1048	notice
1049	collection
1050	modern
1051	task
1052	partner
1053	positive
1054	civil
1055	kitchen
1056	consumer
1057	shot
1058	budget
1059	wish
1060	painting
1061	scientist
1062	safe
1063	agreement
1064	capital
1065	mouth
1066	nor
1067	victim
1068	newspaper
1069	instead
1070	threat
1071	responsibility
1072	smile
1073	attorney
1074	score
1075	account
1076	interesting
1077	break
1078	audience
1079	rich
1080	dinner
1081	figure
1082	vote
1083	western
1084	relate
1085	travel
1086	debate
1087	prevent
1088	citizen
1089	majority
1090	none
1091	front
1092	born
1093	admit
1094	senior
1095	assume
1096	wind
1097	key
1098	professional
1099	mission
1100	fast
1101	alone
1102	customer
1103	suffer
1104	speech
1105	successful
1106	option
1107	participant
1108	southern
1109	fresh
1110	eventually
1111	no
1112	forest
1113	video
1114	global
1115	Senate
1116	reform
1117	access
1118	restaurant
1119	judge
1120	publish
1121	cost
1122	relation
1123	like
1124	release
1125	own
1126	bird
1127	opinion
1128	credit
1129	critical
1130	corner
1131	concerned
1132	recall
1133	version
1134	stare
1135	safety
1136	effective
1137	neighborhood
1138	original
1139	act
1140	troop
1141	income
1142	directly
1143	hurt
1144	species
1145	immediately
1146	track
1147	basic
1148	strike
1149	hope
1150	sky
1151	freedom
1152	absolutely
1153	plane
1154	nobody
1155	achieve
1156	object
1157	attitude
1158	labor
1159	refer
1160	concept
1161	client
1162	powerful
1163	perfect
1164	nine
1165	therefore
1166	conduct
1167	announce
1168	conversation
1169	examine
1170	touch
1171	please
1172	attend
1173	completely
1174	vote
1175	variety
1176	sleep
1177	turn
1178	involved
1179	investigation
1180	nuclear
1181	researcher
1182	press
1183	conflict
1184	spirit
1185	experience
1186	replace
1187	British
1188	encourage
1189	argument
1190	by
1191	once
1192	camp
1193	brain
1194	feature
1195	afternoon
1196	AM
1197	weekend
1198	dozen
1199	possibility
1200	along
1201	insurance
1202	department
1203	battle
1204	beginning
1205	date
1206	generally
1207	African
1208	very
1209	sorry
1210	crisis
1211	complete
1212	fan
1213	stick
1214	define
1215	easily
1216	through
1217	hole
1218	element
1219	vision
1220	status
1221	normal
1222	Chinese
1223	ship
1224	solution
1225	stone
1226	slowly
1227	scale
1228	bit
1229	university
1230	introduce
1231	driver
1232	attempt
1233	park
1234	spot
1235	lack
1236	ice
1237	boat
1238	drink
1239	sun
1240	front
1241	distance
1242	wood
1243	handle
1244	truck
1245	return
1246	mountain
1247	survey
1248	supposed
1249	tradition
1250	winter
1251	village
1252	Soviet
1253	refuse
1254	sales
1255	roll
1256	communication
1257	run
1258	screen
1259	gain
1260	resident
1261	hide
1262	gold
1263	club
1264	future
1265	farm
1266	potential
1267	increase
1268	middle
1269	European
1270	presence
1271	independent
1272	district
1273	shape
1274	reader
1275	Ms
1276	contract
1277	crowd
1278	Christian
1279	express
1280	apartment
1281	willing
1282	strength
1283	previous
1284	band
1285	obviously
1286	horse
1287	interested
1288	target
1289	prison
1290	ride
1291	guard
1292	terms
1293	demand
1294	reporter
1295	deliver
1296	text
1297	share
1298	tool
1299	wild
1300	vehicle
1301	observe
1302	flight
1303	inside
1304	facility
1305	understanding
1306	average
1307	emerge
1308	advantage
1309	quick
1310	light
1311	leadership
1312	earn
1313	pound
1314	basis
1315	bright
1316	operate
1317	guest
1318	sample
1319	contribute
1320	tiny
1321	block
1322	protection
1323	settle
1324	feed
1325	collect
1326	additional
1327	while
1328	highly
1329	identity
1330	title
1331	mostly
1332	lesson
1333	faith
1334	river
1335	promote
1336	living
1337	present
1338	count
1339	unless
1340	marry
1341	tomorrow
1342	technique
1343	path
1344	ear
1345	shop
1346	folk
1347	order
1348	principle
1349	survive
1350	lift
1351	border
1352	competition
1353	jump
1354	gather
1355	limit
1356	fit
1357	claim
1358	cry
1359	equipment
1360	worth
1361	associate
1362	critic
1363	warm
1364	aspect
1365	result
1366	insist
1367	failure
1368	annual
1369	French
1370	Christmas
1371	comment
1372	responsible
1373	affair
1374	approach
1375	until
1376	procedure
1377	regular
1378	spread
1379	chairman
1380	baseball
1381	soft
1382	ignore
1383	egg
1384	measure
1385	belief
1386	demonstrate
1387	anybody
1388	murder
1389	gift
1390	religion
1391	review
1392	editor
1393	past
1394	engage
1395	coffee
1396	document
1397	speed
1398	cross
1399	influence
1400	anyway
1401	threaten
1402	commit
1403	female
1404	youth
1405	wave
1406	move
1407	afraid
1408	quarter
1409	background
1410	native
1411	broad
1412	wonderful
1413	deny
1414	apparently
1415	slightly
1416	reaction
1417	twice
1418	suit
1419	perspective
1420	growing
1421	blow
1422	construction
1423	kind
1424	intelligence
1425	destroy
1426	cook
1427	connection
1428	charge
1429	burn
1430	shoe
1431	view
1432	grade
1433	context
1434	committee
1435	hey
1436	mistake
1437	focus
1438	smile
1439	location
1440	clothes
1441	Indian
1442	quiet
1443	dress
1444	promise
1445	aware
1446	neighbor
1447	complete
1448	drive
1449	function
1450	bone
1451	active
1452	extend
1453	chief
1454	average
1455	combine
1456	wine
1457	below
1458	cool
1459	voter
1460	mean
1461	demand
1462	learning
1463	bus
1464	hell
1465	dangerous
1466	remind
1467	moral
1468	United
1469	category
1470	relatively
1471	victory
1472	key
1473	academic
1474	visit
1475	Internet
1476	healthy
1477	fire
1478	negative
1479	following
1480	historical
1481	medicine
1482	tour
1483	depend
1484	photo
1485	finding
1486	grab
1487	direct
1488	classroom
1489	contact
1490	justice
1491	participate
1492	daily
1493	fair
1494	pair
1495	famous
1496	exercise
1497	knee
1498	flower
1499	tape
1500	hire
1501	familiar
1502	appropriate
1503	supply
1504	fully
1505	cut
1506	will
1507	actor
1508	birth
1509	search
1510	tie
1511	democracy
1512	eastern
1513	primary
1514	yesterday
1515	circle
1516	device
1517	progress
1518	next
1519	front
1520	bottom
1521	island
1522	exchange
1523	clean
1524	studio
1525	train
1526	lady
1527	colleague
1528	application
1529	neck
1530	lean
1531	damage
1532	plastic
1533	tall
1534	plate
1535	hate
1536	otherwise
1537	writing
1538	press
1539	male
1540	start
1541	alive
1542	expression
1543	football
1544	intend
1545	attack
1546	chicken
1547	army
1548	abuse
1549	theater
1550	shut
1551	map
1552	extra
1553	session
1554	danger
1555	welcome
1556	domestic
1557	lots
1558	literature
1559	rain
1560	desire
1561	assessment
1562	injury
1563	respect
1564	northern
1565	nod
1566	paint
1567	fuel
1568	leaf
1569	direct
1570	dry
1571	Russian
1572	instruction
1573	fight
1574	pool
1575	climb
1576	sweet
1577	lead
1578	engine
1579	fourth
1580	salt
1581	expand
1582	importance
1583	metal
1584	fat
1585	ticket
1586	software
1587	disappear
1588	corporate
1589	strange
1590	lip
1591	reading
1592	urban
1593	mental
1594	increasingly
1595	lunch
1596	educational
1597	somewhere
1598	farmer
1599	above
1600	sugar
1601	planet
1602	favorite
1603	explore
1604	obtain
1605	enemy
1606	greatest
1607	complex
1608	surround
1609	athlete
1610	invite
1611	repeat
1612	carefully
1613	soul
1614	scientific
1615	impossible
1616	panel
1617	meaning
1618	mom
1619	married
1620	alone
1621	instrument
1622	predict
1623	weather
1624	presidential
1625	emotional
1626	commitment
1627	Supreme
1628	bear
1629	pocket
1630	thin
1631	temperature
1632	surprise
1633	poll
1634	proposal
1635	consequence
1636	half
1637	breath
1638	sight
1639	cover
1640	balance
1641	adopt
1642	minority
1643	straight
1644	attempt
1645	connect
1646	works
1647	teaching
1648	belong
1649	aid
1650	advice
1651	okay
1652	photograph
1653	empty
1654	regional
1655	trail
1656	novel
1657	code
1658	somehow
1659	organize
1660	jury
1661	breast
1662	Iraqi
1663	human
1664	acknowledge
1665	theme
1666	storm
1667	union
1668	record
1669	desk
1670	fear
1671	thanks
1672	fruit
1673	under
1674	expensive
1675	yellow
1676	conclusion
1677	prime
1678	shadow
1679	struggle
1680	conclude
1681	analyst
1682	dance
1683	limit
1684	like
1685	regulation
1686	being
1687	last
1688	ring
1689	largely
1690	shift
1691	revenue
1692	mark
1693	locate
1694	county
1695	appearance
1696	package
1697	difficulty
1698	bridge
1699	recommend
1700	obvious
1701	train
1702	basically
1703	e-mail
1704	generate
1705	anymore
1706	propose
1707	thinking
1708	possibly
1709	trend
1710	visitor
1711	loan
1712	currently
1713	comfortable
1714	investor
1715	but
1716	profit
1717	angry
1718	crew
1719	deep
1720	accident
1721	male
1722	meal
1723	hearing
1724	traffic
1725	muscle
1726	notion
1727	capture
1728	prefer
1729	truly
1730	earth
1731	Japanese
1732	chest
1733	search
1734	thick
1735	cash
1736	museum
1737	beauty
1738	emergency
1739	unique
1740	feature
1741	internal
1742	ethnic
1743	link
1744	stress
1745	content
1746	select
1747	root
1748	nose
1749	declare
1750	outside
1751	appreciate
1752	actual
1753	bottle
1754	hardly
1755	setting
1756	launch
1757	dress
1758	file
1759	sick
1760	outcome
1761	ad
1762	defend
1763	matter
1764	judge
1765	duty
1766	sheet
1767	ought
1768	ensure
1769	Catholic
1770	extremely
1771	extent
1772	component
1773	mix
1774	long-term
1775	slow
1776	contrast
1777	zone
1778	wake
1779	challenge
1780	airport
1781	chief
1782	brown
1783	standard
1784	shirt
1785	pilot
1786	warn
1787	ultimately
1788	cat
1789	contribution
1790	capacity
1791	ourselves
1792	estate
1793	guide
1794	circumstance
1795	snow
1796	English
1797	politician
1798	steal
1799	pursue
1800	slip
1801	percentage
1802	meat
1803	funny
1804	neither
1805	soil
1806	influence
1807	surgery
1808	correct
1809	Jewish
1810	blame
1811	estimate
1812	due
1813	basketball
1814	late
1815	golf
1816	investigate
1817	crazy
1818	significantly
1819	chain
1820	address
1821	branch
1822	combination
1823	just
1824	frequently
1825	governor
1826	relief
1827	user
1828	dad
1829	kick
1830	part
1831	manner
1832	ancient
1833	silence
1834	rating
1835	golden
1836	motion
1837	German
1838	gender
1839	solve
1840	fee
1841	landscape
1842	used
1843	bowl
1844	equal
1845	long
1846	official
1847	forth
1848	frame
1849	typical
1850	except
1851	conservative
1852	eliminate
1853	host
1854	hall
1855	trust
1856	ocean
1857	score
1858	row
1859	producer
1860	afford
1861	meanwhile
1862	regime
1863	division
1864	confirm
1865	fix
1866	appeal
1867	mirror
1868	tooth
1869	smart
1870	length
1871	entirely
1872	rely
1873	topic
1874	complain
1875	issue
1876	variable
1877	back
1878	range
1879	telephone
1880	perception
1881	attract
1882	confidence
1883	bedroom
1884	secret
1885	debt
1886	rare
1887	his
1888	tank
1889	nurse
1890	coverage
1891	opposition
1892	aside
1893	anywhere
1894	bond
1895	file
1896	pleasure
1897	master
1898	era
1899	requirement
1900	check
1901	stand
1902	fun
1903	expectation
1904	wing
1905	separate
1906	now
1907	clear
1908	struggle
1909	mean
1910	somewhat
1911	pour
1912	stir
1913	judgment
1914	clean
1915	except
1916	beer
1917	English
1918	reference
1919	tear
1920	doubt
1921	grant
1922	seriously
1923	account
1924	minister
1925	totally
1926	hero
1927	industrial
1928	cloud
1929	stretch
1930	winner
1931	volume
1932	travel
1933	seed
1934	surprised
1935	rest
1936	fashion
1937	pepper
1938	separate
1939	busy
1940	intervention
1941	copy
1942	tip
1943	below
1944	cheap
1945	aim
1946	cite
1947	welfare
1948	vegetable
1949	gray
1950	dish
1951	beach
1952	improvement
1953	everywhere
1954	opening
1955	overall
1956	divide
1957	initial
1958	terrible
1959	oppose
1960	contemporary
1961	route
1962	multiple
1963	essential
1964	question
1965	league
1966	criminal
1967	careful
1968	core
1969	upper
1970	rush
1971	necessarily
1972	specifically
1973	tired
1974	rise
1975	tie
1976	employ
1977	holiday
1978	dance
1979	vast
1980	resolution
1981	household
1982	fewer
1983	abortion
1984	apart
1985	witness
1986	match
1987	barely
1988	sector
1989	representative
1990	lack
1991	beneath
1992	beside
1993	black
1994	incident
1995	limited
1996	proud
1997	flow
1998	faculty
1999	increased
2000	waste
2001	merely
2002	mass
2003	emphasize
2004	experiment
2005	definitely
2006	bomb
2007	enormous
2008	tone
2009	liberal
2010	massive
2011	engineer
2012	wheel
2013	female
2014	decline
2015	invest
2016	promise
2017	cable
2018	towards
2019	expose
2020	rural
2021	AIDS
2022	Jew
2023	narrow
2024	cream
2025	secretary
2026	gate
2027	solid
2028	hill
2029	typically
2030	noise
2031	grass
2032	unfortunately
2033	hat
2034	legislation
2035	succeed
2036	either
2037	celebrate
2038	achievement
2039	fishing
2040	drink
2041	accuse
2042	hand
2043	useful
2044	land
2045	secret
2046	reject
2047	talent
2048	taste
2049	characteristic
2050	milk
2051	escape
2052	cast
2053	sentence
2054	unusual
2055	closely
2056	convince
2057	height
2058	physician
2059	assess
2060	sleep
2061	plenty
2062	ride
2063	virtually
2064	first
2065	addition
2066	sharp
2067	creative
2068	lower
2069	behind
2070	approve
2071	explanation
2072	outside
2073	gay
2074	campus
2075	proper
2076	live
2077	guilty
2078	living
2079	acquire
2080	compete
2081	technical
2082	plus
2083	mind
2084	potential
2085	immigrant
2086	weak
2087	illegal
2088	hi
2089	alternative
2090	interaction
2091	column
2092	personality
2093	signal
2094	curriculum
2095	list
2096	honor
2097	passenger
2098	assistance
2099	forever
2100	fun
2101	regard
2102	Israeli
2103	association
2104	twenty
2105	knock
2106	review
2107	wrap
2108	lab
2109	offer
2110	display
2111	criticism
2112	asset
2113	depression
2114	spiritual
2115	musical
2116	journalist
2117	prayer
2118	suspect
2119	scholar
2120	warning
2121	climate
2122	cheese
2123	observation
2124	childhood
2125	payment
2126	sir
2127	permit
2128	cigarette
2129	definition
2130	priority
2131	bread
2132	creation
2133	graduate
2134	request
2135	emotion
2136	scream
2137	dramatic
2138	universe
2139	gap
2140	excellent
2141	deeply
2142	prosecutor
2143	mark
2144	green
2145	lucky
2146	drag
2147	airline
2148	library
2149	agenda
2150	recover
2151	factory
2152	selection
2153	primarily
2154	roof
2155	unable
2156	expense
2157	initiative
2158	diet
2159	arrest
2160	funding
2161	therapy
2162	wash
2163	schedule
2164	sad
2165	brief
2166	housing
2167	post
2168	purchase
2169	existing
2170	dark
2171	steel
2172	regarding
2173	shout
2174	remaining
2175	visual
2176	fairly
2177	chip
2178	violent
2179	silent
2180	suppose
2181	self
2182	bike
2183	tea
2184	perceive
2185	comparison
2186	settlement
2187	layer
2188	planning
2189	far
2190	description
2191	later
2192	slow
2193	slide
2194	widely
2195	wedding
2196	inform
2197	portion
2198	territory
2199	immediate
2200	opponent
2201	abandon
2202	link
2203	mass
2204	lake
2205	transform
2206	tension
2207	display
2208	leading
2209	bother
2210	consist
2211	alcohol
2212	enable
2213	bend
2214	saving
2215	gain
2216	desert
2217	shall
2218	error
2219	release
2220	cop
2221	Arab
2222	double
2223	walk
2224	sand
2225	Spanish
2226	rule
2227	hit
2228	print
2229	preserve
2230	passage
2231	formal
2232	transition
2233	existence
2234	album
2235	participation
2236	arrange
2237	atmosphere
2238	joint
2239	reply
2240	cycle
2241	opposite
2242	lock
2243	whole
2244	deserve
2245	consistent
2246	resistance
2247	discovery
2248	tear
2249	exposure
2250	pose
2251	stream
2252	sale
2253	trust
2254	benefit
2255	pot
2256	grand
2257	mine
2258	hello
2259	coalition
2260	tale
2261	knife
2262	resolve
2263	racial
2264	phase
2265	present
2266	joke
2267	coat
2268	Mexican
2269	symptom
2270	contact
2271	manufacturer
2272	philosophy
2273	potato
2274	interview
2275	foundation
2276	quote
2277	online
2278	pass
2279	negotiation
2280	good
2281	urge
2282	occasion
2283	dust
2284	breathe
2285	elect
2286	investigator
2287	jacket
2288	glad
2289	ordinary
2290	reduction
2291	rarely
2292	shift
2293	pack
2294	suicide
2295	numerous
2296	touch
2297	substance
2298	discipline
2299	elsewhere
2300	iron
2301	practical
2302	moreover
2303	passion
2304	volunteer
2305	implement
2306	essentially
2307	gene
2308	enforcement
2309	vs
2310	sauce
2311	independence
2312	marketing
2313	priest
2314	amazing
2315	intense
2316	advance
2317	employer
2318	shock
2319	inspire
2320	adjust
2321	retire
2322	sure
2323	visible
2324	kiss
2325	illness
2326	cap
2327	habit
2328	competitive
2329	juice
2330	congressional
2331	involvement
2332	dominate
2333	previously
2334	whenever
2335	transfer
2336	analyze
2337	another
2338	attach
2339	for
2340	Indian
2341	disaster
2342	parking
2343	prospect
2344	boss
2345	complaint
2346	championship
2347	coach
2348	exercise
2349	fundamental
2350	severe
2351	enhance
2352	mystery
2353	impose
2354	poverty
2355	other
2356	entry
2357	fat
2358	spending
2359	king
2360	evaluate
2361	symbol
2362	still
2363	trade
2364	maker
2365	mood
2366	accomplish
2367	emphasis
2368	illustrate
2369	boot
2370	monitor
2371	Asian
2372	entertainment
2373	bean
2374	evaluation
2375	creature
2376	commander
2377	digital
2378	arrangement
2379	concentrate
2380	total
2381	usual
2382	anger
2383	psychological
2384	heavily
2385	peak
2386	approximately
2387	increasing
2388	disorder
2389	missile
2390	equally
2391	vary
2392	wire
2393	round
2394	distribution
2395	transportation
2396	holy
2397	ring
2398	twin
2399	command
2400	commission
2401	interpretation
2402	breakfast
2403	stop
2404	strongly
2405	engineering
2406	luck
2407	so-called
2408	constant
2409	race
2410	clinic
2411	veteran
2412	smell
2413	tablespoon
2414	capable
2415	nervous
2416	tourist
2417	light
2418	toss
2419	crucial
2420	bury
2421	pray
2422	tomato
2423	exception
2424	butter
2425	deficit
2426	bathroom
2427	objective
2428	block
2429	electronic
2430	ally
2431	journey
2432	reputation
2433	mixture
2434	surely
2435	tower
2436	smoke
2437	confront
2438	pure
2439	glance
2440	dimension
2441	toy
2442	prisoner
2443	fellow
2444	smooth
2445	nearby
2446	peer
2447	designer
2448	personnel
2449	shape
2450	educator
2451	relative
2452	immigration
2453	belt
2454	teaspoon
2455	birthday
2456	implication
2457	perfectly
2458	coast
2459	supporter
2460	accompany
2461	silver
2462	teenager
2463	recognition
2464	retirement
2465	flag
2466	recovery
2467	whisper
2468	watch
2469	gentleman
2470	corn
2471	moon
2472	inner
2473	junior
2474	rather
2475	throat
2476	salary
2477	swing
2478	observer
2479	due
2480	straight
2481	publication
2482	pretty
2483	crop
2484	dig
2485	strike
2486	permanent
2487	plant
2488	phenomenon
2489	anxiety
2490	unlike
2491	wet
2492	literally
2493	resist
2494	convention
2495	embrace
2496	supply
2497	assist
2498	exhibition
2499	construct
2500	viewer
2501	pan
2502	consultant
2503	soon
2504	line
2505	administrator
2506	date
2507	occasionally
2508	mayor
2509	consideration
2510	CEO
2511	secure
2512	pink
2513	smoke
2514	estimate
2515	buck
2516	historic
2517	poem
2518	grandmother
2519	bind
2520	fifth
2521	constantly
2522	enterprise
2523	favor
2524	testing
2525	stomach
2526	apparent
2527	weigh
2528	install
2529	sensitive
2530	suggestion
2531	mail
2532	recipe
2533	reasonable
2534	preparation
2535	wooden
2536	elementary
2537	concert
2538	aggressive
2539	FALSE
2540	intention
2541	channel
2542	extreme
2543	tube
2544	drawing
2545	protein
2546	quit
2547	absence
2548	roll
2549	Latin
2550	rapidly
2551	jail
2552	comment
2553	diversity
2554	honest
2555	Palestinian
2556	pace
2557	employment
2558	speaker
2559	impression
2560	essay
2561	respondent
2562	giant
2563	cake
2564	historian
2565	negotiate
2566	restore
2567	substantial
2568	pop
2569	particular
2570	specialist
2571	origin
2572	approval
2573	mine
2574	quietly
2575	advise
2576	conventional
2577	drop
2578	count
2579	depth
2580	wealth
2581	disability
2582	shell
2583	general
2584	criticize
2585	fast
2586	professional
2587	effectively
2588	biological
2589	pack
2590	onion
2591	deputy
2592	flat
2593	brand
2594	assure
2595	mad
2596	award
2597	criteria
2598	dealer
2599	via
2600	alternative
2601	utility
2602	precisely
2603	arise
2604	armed
2605	nevertheless
2606	highway
2607	clinical
2608	routine
2609	schedule
2610	wage
2611	normally
2612	phrase
2613	ingredient
2614	stake
2615	Muslim
2616	dream
2617	fiber
2618	activist
2619	Islamic
2620	snap
2621	terrorism
2622	refugee
2623	incorporate
2624	hip
2625	ultimate
2626	switch
2627	corporation
2628	valuable
2629	assumption
2630	gear
2631	graduate
2632	barrier
2633	minor
2634	provision
2635	killer
2636	assign
2637	gang
2638	developing
2639	classic
2640	chemical
2641	wave
2642	label
2643	teen
2644	index
2645	vacation
2646	advocate
2647	draft
2648	extraordinary
2649	heaven
2650	rough
2651	yell
2652	pregnant
2653	distant
2654	drama
2655	satellite
2656	personally
2657	wonder
2658	clock
2659	chocolate
2660	Italian
2661	Canadian
2662	ceiling
2663	sweep
2664	advertising
2665	universal
2666	spin
2667	house
2668	button
2669	bell
2670	rank
2671	darkness
2672	ahead
2673	clothing
2674	super
2675	yield
2676	fence
2677	portrait
2678	paint
2679	survival
2680	roughly
2681	lawsuit
2682	bottom
2683	testimony
2684	bunch
2685	beat
2686	wind
2687	found
2688	burden
2689	react
2690	chamber
2691	furniture
2692	cooperation
2693	string
2694	ceremony
2695	communicate
2696	taste
2697	cheek
2698	lost
2699	profile
2700	mechanism
2701	disagree
2702	like
2703	penalty
2704	match
2705	ie
2706	advance
2707	resort
2708	destruction
2709	bear
2710	unlikely
2711	tissue
2712	constitutional
2713	pant
2714	stranger
2715	infection
2716	cabinet
2717	broken
2718	apple
2719	electric
2720	proceed
2721	track
2722	bet
2723	literary
2724	virus
2725	stupid
2726	dispute
2727	fortune
2728	strategic
2729	assistant
2730	overcome
2731	remarkable
2732	occupy
2733	statistics
2734	shopping
2735	cousin
2736	encounter
2737	wipe
2738	initially
2739	blind
2740	white
2741	port
2742	honor
2743	electricity
2744	genetic
2745	adviser
2746	pay
2747	spokesman
2748	retain
2749	latter
2750	incentive
2751	slave
2752	chemical
2753	translate
2754	accurate
2755	whereas
2756	terror
2757	though
2758	expansion
2759	elite
2760	Olympic
2761	dirt
2762	odd
2763	rice
2764	bullet
2765	tight
2766	Bible
2767	chart
2768	solar
2769	decline
2770	conservative
2771	process
2772	square
2773	stick
2774	concentration
2775	complicated
2776	gently
2777	champion
2778	scenario
2779	telescope
2780	reflection
2781	revolution
2782	strip
2783	interpret
2784	friendly
2785	tournament
2786	fiction
2787	detect
2788	balance
2789	likely
2790	tremendous
2791	lifetime
2792	recommendation
2793	flow
2794	senator
2795	market
2796	hunting
2797	salad
2798	guarantee
2799	innocent
2800	boundary
2801	pause
2802	remote
2803	satisfaction
2804	journal
2805	bench
2806	lover
2807	raw
2808	awareness
2809	surprising
2810	withdraw
2811	general
2812	deck
2813	similarly
2814	newly
2815	pole
2816	testify
2817	mode
2818	dialogue
2819	imply
2820	naturally
2821	mutual
2822	founder
2823	top
2824	advanced
2825	pride
2826	dismiss
2827	aircraft
2828	delivery
2829	mainly
2830	bake
2831	freeze
2832	platform
2833	finance
2834	sink
2835	attractive
2836	respect
2837	diverse
2838	relevant
2839	ideal
2840	joy
2841	worth
2842	regularly
2843	working
2844	singer
2845	evolve
2846	shooting
2847	partly
2848	unknown
2849	assistant
2850	offense
2851	counter
2852	DNA
2853	smell
2854	potentially
2855	transfer
2856	thirty
2857	justify
2858	protest
2859	crash
2860	craft
2861	treaty
2862	terrorist
2863	insight
2864	possess
2865	politically
2866	tap
2867	lie
2868	extensive
2869	episode
2870	double
2871	swim
2872	tire
2873	fault
2874	loose
2875	free
2876	shortly
2877	originally
2878	considerable
2879	prior
2880	intellectual
2881	mix
2882	assault
2883	relax
2884	stair
2885	adventure
2886	external
2887	proof
2888	confident
2889	headquarters
2890	sudden
2891	dirty
2892	violation
2893	tongue
2894	license
2895	hold
2896	shelter
2897	rub
2898	controversy
2899	entrance
2900	favorite
2901	practice
2902	properly
2903	fade
2904	defensive
2905	tragedy
2906	net
2907	characterize
2908	funeral
2909	profession
2910	alter
2911	spot
2912	constitute
2913	establishment
2914	squeeze
2915	imagination
2916	target
2917	mask
2918	convert
2919	comprehensive
2920	prominent
2921	presentation
2922	regardless
2923	easy
2924	load
2925	stable
2926	introduction
2927	appeal
2928	pretend
2929	not
2930	elderly
2931	representation
2932	deer
2933	split
2934	violate
2935	partnership
2936	pollution
2937	emission
2938	steady
2939	vital
2940	neither
2941	fate
2942	earnings
2943	oven
2944	distinction
2945	segment
2946	nowhere
2947	poet
2948	mere
2949	exciting
2950	variation
2951	comfort
2952	radical
2953	stress
2954	adapt
2955	Irish
2956	honey
2957	correspondent
2958	pale
2959	musician
2960	significance
2961	load
2962	round
2963	vessel
2964	storage
2965	flee
2966	mm-hmm
2967	leather
2968	distribute
2969	evolution
2970	ill
2971	tribe
2972	shelf
2973	can
2974	grandfather
2975	lawn
2976	buyer
2977	dining
2978	wisdom
2979	council
2980	vulnerable
2981	instance
2982	garlic
2983	capability
2984	poetry
2985	celebrity
2986	gradually
2987	stability
2988	doubt
2989	fantasy
2990	scared
2991	guide
2992	plot
2993	framework
2994	gesture
2995	depending
2996	ongoing
2997	psychology
2998	since
2999	counselor
3000	witness
3001	chapter
3002	fellow
3003	divorce
3004	owe
3005	pipe
3006	athletic
3007	slight
3008	math
3009	shade
3010	tail
3011	sustain
3012	mount
3013	obligation
3014	angle
3015	palm
3016	differ
3017	custom
3018	store
3019	economist
3020	fifteen
3021	soup
3022	celebration
3023	efficient
3024	damage
3025	composition
3026	satisfy
3027	pile
3028	briefly
3029	carbon
3030	closer
3031	consume
3032	scheme
3033	crack
3034	frequency
3035	tobacco
3036	survivor
3037	besides
3038	in
3039	psychologist
3040	wealthy
3041	galaxy
3042	given
3043	fund
3044	ski
3045	limitation
3046	OK
3047	trace
3048	appointment
3049	preference
3050	meter
3051	explosion
3052	arrest
3053	publicly
3054	incredible
3055	fighter
3056	rapid
3057	admission
3058	hunter
3059	educate
3060	painful
3061	friendship
3062	aide
3063	infant
3064	calculate
3065	fifty
3066	rid
3067	porch
3068	tendency
3069	uniform
3070	formation
3071	scholarship
3072	reservation
3073	efficiency
3074	waste
3075	qualify
3076	mall
3077	derive
3078	scandal
3079	PC
3080	helpful
3081	impress
3082	heel
3083	resemble
3084	privacy
3085	fabric
3086	surprise
3087	contest
3088	proportion
3089	guideline
3090	rifle
3091	maintenance
3092	conviction
3093	trick
3094	organic
3095	tent
3096	examination
3097	publisher
3098	strengthen
3099	French
3100	proposed
3101	myth
3102	sophisticated
3103	cow
3104	etc
3105	standing
3106	asleep
3107	tennis
3108	nerve
3109	barrel
3110	bombing
3111	membership
3112	ratio
3113	menu
3114	purchase
3115	controversial
3116	desperate
3117	rate
3118	lifestyle
3119	humor
3120	loud
3121	glove
3122	suspect
3123	sufficient
3124	narrative
3125	photographer
3126	helicopter
3127	Catholic
3128	modest
3129	provider
3130	delay
3131	agricultural
3132	explode
3133	stroke
3134	scope
3135	punishment
3136	handful
3137	badly
3138	horizon
3139	curious
3140	downtown
3141	girlfriend
3142	prompt
3143	request
3144	cholesterol
3145	absorb
3146	adjustment
3147	taxpayer
3148	eager
3149	principal
3150	detailed
3151	motivation
3152	assignment
3153	restriction
3154	across
3155	Palestinian
3156	laboratory
3157	workshop
3158	differently
3159	auto
3160	romantic
3161	cotton
3162	motor
3163	sue
3164	flavor
3165	overlook
3166	float
3167	undergo
3168	sequence
3169	demonstration
3170	jet
3171	orange
3172	consumption
3173	assert
3174	blade
3175	temporary
3176	medication
3177	print
3178	cabin
3179	bite
3180	relative
3181	edition
3182	valley
3183	yours
3184	pitch
3185	pine
3186	brilliant
3187	versus
3188	manufacturing
3189	risk
3190	Christian
3191	complex
3192	absolute
3193	chef
3194	discrimination
3195	offensive
3196	German
3197	suit
3198	boom
3199	register
3200	appoint
3201	heritage
3202	God
3203	terrorist
3204	dominant
3205	successfully
3206	shit
3207	lemon
3208	hungry
3209	sense
3210	dry
3211	wander
3212	submit
3213	economics
3214	naked
3215	anticipate
3216	nut
3217	legacy
3218	extension
3219	shrug
3220	fly
3221	battery
3222	arrival
3223	legitimate
3224	orientation
3225	inflation
3226	cope
3227	flame
3228	cluster
3229	host
3230	wound
3231	dependent
3232	shower
3233	institutional
3234	depict
3235	operating
3236	flesh
3237	garage
3238	operator
3239	instructor
3240	collapse
3241	borrow
3242	furthermore
3243	comedy
3244	mortgage
3245	sanction
3246	civilian
3247	twelve
3248	weekly
3249	habitat
3250	grain
3251	brush
3252	consciousness
3253	devote
3254	crack
3255	measurement
3256	province
3257	ease
3258	seize
3259	ethics
3260	nomination
3261	permission
3262	wise
3263	actress
3264	summit
3265	acid
3266	odds
3267	gifted
3268	frustration
3269	medium
3270	function
3271	physically
3272	grant
3273	distinguish
3274	shore
3275	repeatedly
3276	lung
3277	firm
3278	running
3279	correct
3280	distinct
3281	artistic
3282	discourse
3283	basket
3284	ah
3285	fighting
3286	impressive
3287	competitor
3288	ugly
3289	worried
3290	portray
3291	powder
3292	ghost
3293	persuade
3294	moderate
3295	subsequent
3296	continued
3297	cookie
3298	carrier
3299	cooking
3300	frequent
3301	ban
3302	swing
3303	orange
3304	awful
3305	admire
3306	pet
3307	miracle
3308	exceed
3309	rhythm
3310	widespread
3311	killing
3312	lovely
3313	sin
3314	charity
3315	script
3316	tactic
3317	identification
3318	transformation
3319	everyday
3320	headline
3321	crash
3322	venture
3323	invasion
3324	military
3325	nonetheless
3326	adequate
3327	piano
3328	grocery
3329	intensity
3330	exhibit
3331	high
3332	blanket
3333	margin
3334	principal
3335	quarterback
3336	mouse
3337	rope
3338	concrete
3339	prescription
3340	African-American
3341	chase
3342	document
3343	brick
3344	recruit
3345	patch
3346	consensus
3347	horror
3348	recording
3349	changing
3350	painter
3351	colonial
3352	pie
3353	sake
3354	gaze
3355	courage
3356	pregnancy
3357	swear
3358	defeat
3359	clue
3360	reinforce
3361	win
3362	confusion
3363	slice
3364	occupation
3365	dear
3366	coal
3367	sacred
3368	criminal
3369	formula
3370	cognitive
3371	collective
3372	exact
3373	uncle
3374	square
3375	captain
3376	sigh
3377	attribute
3378	dare
3379	okay
3380	homeless
3381	cool
3382	gallery
3383	soccer
3384	defendant
3385	tunnel
3386	fitness
3387	lap
3388	grave
3389	toe
3390	container
3391	virtue
3392	abroad
3393	architect
3394	dramatically
3395	makeup
3396	inquiry
3397	rose
3398	surprisingly
3399	highlight
3400	decrease
3401	indication
3402	rail
3403	anniversary
3404	couch
3405	alliance
3406	hypothesis
3407	boyfriend
3408	compose
3409	peer
3410	mess
3411	rank
3412	legend
3413	regulate
3414	adolescent
3415	shine
3416	norm
3417	upset
3418	remark
3419	resign
3420	reward
3421	gentle
3422	related
3423	organ
3424	lightly
3425	concerning
3426	invent
3427	laughter
3428	fit
3429	northwest
3430	counseling
3431	tight
3432	receiver
3433	ritual
3434	insect
3435	interrupt
3436	salmon
3437	favor
3438	trading
3439	concern
3440	magic
3441	superior
3442	combat
3443	stem
3444	surgeon
3445	acceptable
3446	physics
3447	rape
3448	counsel
3449	brush
3450	jeans
3451	hunt
3452	continuous
3453	log
3454	echo
3455	pill
3456	excited
3457	sculpture
3458	compound
3459	integrate
3460	flour
3461	bitter
3462	bare
3463	slope
3464	rent
3465	presidency
3466	serving
3467	subtle
3468	greatly
3469	bishop
3470	drinking
3471	delay
3472	cry
3473	acceptance
3474	collapse
3475	shop
3476	pump
3477	candy
3478	evil
3479	final
3480	finance
3481	pleased
3482	medal
3483	beg
3484	sponsor
3485	ethical
3486	secondary
3487	slam
3488	export
3489	experimental
3490	melt
3491	midnight
3492	net
3493	curve
3494	integrity
3495	entitle
3496	evident
3497	logic
3498	essence
3499	park
3500	exclude
3501	harsh
3502	closet
3503	suburban
3504	greet
3505	favor
3506	interior
3507	corridor
3508	murder
3509	retail
3510	pitcher
3511	march
3512	snake
3513	pitch
3514	excuse
3515	cross
3516	weakness
3517	pig
3518	cold
3519	classical
3520	estimated
3521	T-shirt
3522	online
3523	unemployment
3524	civilization
3525	fold
3526	patient
3527	pop
3528	daily
3529	reverse
3530	missing
3531	correlation
3532	humanity
3533	flash
3534	developer
3535	reliable
3536	excitement
3537	beef
3538	Islam
3539	Roman
3540	stretch
3541	architecture
3542	occasional
3543	administrative
3544	elbow
3545	deadly
3546	Muslim
3547	Hispanic
3548	allegation
3549	tip
3550	confuse
3551	airplane
3552	monthly
3553	duck
3554	dose
3555	Korean
3556	plead
3557	initiate
3558	lecture
3559	van
3560	sixth
3561	bay
3562	mainstream
3563	suburb
3564	sandwich
3565	unlike
3566	trunk
3567	rumor
3568	implementation
3569	swallow
3570	motivate
3571	render
3572	longtime
3573	trap
3574	restrict
3575	cloth
3576	seemingly
3577	legislative
3578	effectiveness
3579	enforce
3580	lens
3581	reach
3582	inspector
3583	lend
3584	plain
3585	fraud
3586	companion
3587	contend
3588	nail
3589	array
3590	strict
3591	assemble
3592	frankly
3593	rat
3594	burst
3595	hallway
3596	cave
3597	inevitable
3598	southwest
3599	monster
3600	speed
3601	protest
3602	unexpected
3603	obstacle
3604	facilitate
3605	encounter
3606	rip
3607	herb
3608	overwhelming
3609	integration
3610	crystal
3611	recession
3612	wish
3613	top
3614	written
3615	motive
3616	label
3617	flood
3618	pen
3619	ownership
3620	nightmare
3621	notice
3622	inspection
3623	supervisor
3624	consult
3625	arena
3626	laugh
3627	diagnosis
3628	possession
3629	forgive
3630	warm
3631	consistently
3632	basement
3633	project
3634	drift
3635	drain
3636	last
3637	prosecution
3638	maximum
3639	announcement
3640	warrior
3641	prediction
3642	bacteria
3643	questionnaire
3644	mud
3645	infrastructure
3646	hurry
3647	privilege
3648	temple
3649	medium
3650	outdoor
3651	suck
3652	and/or
3653	broadcast
3654	re
3655	leap
3656	random
3657	past
3658	wrist
3659	curtain
3660	monitor
3661	pond
3662	domain
3663	guilt
3664	cattle
3665	subject
3666	walking
3667	playoff
3668	minimum
3669	fiscal
3670	skirt
3671	dump
3672	hence
3673	database
3674	uncomfortable
3675	aim
3676	execute
3677	limb
3678	ideology
3679	average
3680	welcome
3681	tune
3682	continuing
3683	harm
3684	railroad
3685	endure
3686	radiation
3687	horn
3688	chronic
3689	peaceful
3690	innovation
3691	strain
3692	guitar
3693	replacement
3694	behave
3695	administer
3696	simultaneously
3697	dancer
3698	amendment
3699	guard
3700	pad
3701	transmission
3702	await
3703	retired
3704	trigger
3705	spill
3706	grateful
3707	grace
3708	virtual
3709	response
3710	colony
3711	adoption
3712	slide
3713	indigenous
3714	closed
3715	convict
3716	civilian
3717	towel
3718	modify
3719	particle
3720	award
3721	glance
3722	prize
3723	landing
3724	conduct
3725	blue
3726	boost
3727	bat
3728	alarm
3729	festival
3730	grip
3731	weird
3732	undermine
3733	freshman
3734	sweat
3735	outer
3736	European
3737	drunk
3738	survey
3739	research
3740	separation
3741	traditionally
3742	stuff
3743	govern
3744	southeast
3745	intelligent
3746	wherever
3747	ballot
3748	rhetoric
3749	convinced
3750	driving
3751	vitamin
3752	enthusiasm
3753	accommodate
3754	praise
3755	injure
3756	wilderness
3757	nearby
3758	endless
3759	mandate
3760	pause
3761	excuse
3762	respectively
3763	uncertainty
3764	chaos
3765	short
3766	mechanical
3767	canvas
3768	forty
3769	matter
3770	lobby
3771	profound
3772	format
3773	trait
3774	currency
3775	turkey
3776	reserve
3777	beam
3778	abuse
3779	astronomer
3780	corruption
3781	contractor
3782	apologize
3783	doctrine
3784	genuine
3785	thumb
3786	unity
3787	compromise
3788	horrible
3789	behavioral
3790	exclusive
3791	scatter
3792	commonly
3793	convey
3794	rush
3795	twist
3796	complexity
3797	fork
3798	disk
3799	relieve
3800	suspicion
3801	lock
3802	finish
3803	residence
3804	shame
3805	meaningful
3806	sidewalk
3807	Olympics
3808	technological
3809	signature
3810	pleasant
3811	wow
3812	suspend
3813	rebel
3814	frozen
3815	desire
3816	spouse
3817	fluid
3818	pension
3819	resume
3820	theoretical
3821	sodium
3822	blow
3823	promotion
3824	delicate
3825	forehead
3826	rebuild
3827	bounce
3828	electrical
3829	hook
3830	detective
3831	traveler
3832	click
3833	compensation
3834	signal
3835	exit
3836	attraction
3837	dedicate
3838	altogether
3839	pickup
3840	carve
3841	needle
3842	belly
3843	ship
3844	scare
3845	portfolio
3846	shuttle
3847	invisible
3848	timing
3849	engagement
3850	ankle
3851	transaction
3852	rescue
3853	counterpart
3854	historically
3855	firmly
3856	mild
3857	rider
3858	doll
3859	noon
3860	exhibit
3861	amid
3862	identical
3863	precise
3864	anxious
3865	structural
3866	residential
3867	loud
3868	diagnose
3869	carbohydrate
3870	liberty
3871	poster
3872	theology
3873	nonprofit
3874	crawl
3875	oxygen
3876	handsome
3877	magic
3878	sum
3879	provided
3880	businessman
3881	promising
3882	conscious
3883	determination
3884	donor
3885	hers
3886	pastor
3887	jazz
3888	opera
3889	Japanese
3890	bite
3891	frame
3892	evil
3893	acquisition
3894	pit
3895	hug
3896	wildlife
3897	punish
3898	giant
3899	primary
3900	equity
3901	wrong
3902	doorway
3903	departure
3904	elevator
3905	teenage
3906	guidance
3907	happiness
3908	statue
3909	pursuit
3910	repair
3911	decent
3912	gym
3913	oral
3914	clerk
3915	Israeli
3916	envelope
3917	reporting
3918	destination
3919	fist
3920	endorse
3921	exploration
3922	generous
3923	bath
3924	rescue
3925	thereby
3926	overall
3927	indicator
3928	sunlight
3929	feedback
3930	spectrum
3931	purple
3932	laser
3933	bold
3934	reluctant
3935	starting
3936	expertise
3937	practically
3938	program
3939	picture
3940	tune
3941	eating
3942	age
3943	volunteer
3944	hint
3945	sharply
3946	parade
3947	advocate
3948	realm
3949	ban
3950	strip
3951	cancel
3952	blend
3953	therapist
3954	slice
3955	peel
3956	pizza
3957	recipient
3958	hesitate
3959	flip
3960	accounting
3961	debate
3962	bias
3963	huh
3964	metaphor
3965	candle
3966	handle
3967	worry
3968	judicial
3969	entity
3970	suffering
3971	full-time
3972	feel
3973	lamp
3974	garbage
3975	servant
3976	addition
3977	regulatory
3978	diplomatic
3979	elegant
3980	inside
3981	reception
3982	vanish
3983	automatically
3984	chin
3985	trail
3986	necessity
3987	confess
3988	racism
3989	starter
3990	interior
3991	banking
3992	casual
3993	gravity
3994	enroll
3995	diminish
3996	prevention
3997	Arab
3998	value
3999	minimize
4000	chop
4001	performer
4002	intent
4003	isolate
4004	pump
4005	inventory
4006	productive
4007	assembly
4008	civic
4009	silk
4010	magnitude
4011	steep
4012	hostage
4013	collector
4014	popularity
4015	kiss
4016	alien
4017	dynamic
4018	scary
4019	equation
4020	angel
4021	switch
4022	offering
4023	rage
4024	photography
4025	repair
4026	toilet
4027	disappointed
4028	precious
4029	prohibit
4030	representative
4031	content
4032	realistic
4033	Russian
4034	hidden
4035	command
4036	tender
4037	wake
4038	gathering
4039	outstanding
4040	stumble
4041	lonely
4042	automobile
4043	artificial
4044	dawn
4045	abstract
4046	descend
4047	silly
4048	hook
4049	tide
4050	shared
4051	hopefully
4052	readily
4053	cooperate
4054	revolutionary
4055	romance
4056	hardware
4057	pillow
4058	kit
4059	cook
4060	spread
4061	continent
4062	seal
4063	circuit
4064	sink
4065	ruling
4066	shortage
4067	annually
4068	lately
4069	trap
4070	scan
4071	fool
4072	deadline
4073	rear
4074	processing
4075	ranch
4076	coastal
4077	undertake
4078	softly
4079	reserve
4080	burning
4081	verbal
4082	tribal
4083	ridiculous
4084	automatic
4085	diamond
4086	credibility
4087	import
4088	sexually
4089	spring
4090	way
4091	divine
4092	sentiment
4093	cart
4094	oversee
4095	stem
4096	elder
4097	pro
4098	inspiration
4099	Dutch
4100	quantity
4101	trailer
4102	mate
4103	o''clock
4104	Greek
4105	genius
4106	monument
4107	bid
4108	quest
4109	sacrifice
4110	invitation
4111	accuracy
4112	juror
4113	officially
4114	broker
4115	treasure
4116	loyalty
4117	credit
4118	shock
4119	talented
4120	gasoline
4121	stiff
4122	output
4123	nominee
4124	extended
4125	please
4126	diabetes
4127	slap
4128	toxic
4129	alleged
4130	jaw
4131	grief
4132	mysterious
4133	rocket
4134	donate
4135	inmate
4136	tackle
4137	dynamics
4138	bow
4139	ours
4140	senior
4141	dignity
4142	carpet
4143	parental
4144	bubble
4145	heat
4146	buddy
4147	barn
4148	sword
4149	flash
4150	seventh
4151	glory
4152	tightly
4153	protective
4154	tuck
4155	drum
4156	faint
4157	post
4158	queen
4159	dilemma
4160	input
4161	specialize
4162	northeast
4163	shallow
4164	liability
4165	sail
4166	merchant
4167	stadium
4168	improved
4169	bloody
4170	defeat
4171	associated
4172	withdrawal
4173	refrigerator
4174	nest
4175	near
4176	thoroughly
4177	lane
4178	ancestor
4179	condemn
4180	steam
4181	accent
4182	escape
4183	optimistic
4184	unite
4185	cage
4186	equip
4187	shrimp
4188	homeland
4189	exchange
4190	rack
4191	costume
4192	wolf
4193	courtroom
4194	statute
4195	cartoon
4196	besides
4197	productivity
4198	grin
4199	symbolic
4200	seal
4201	bug
4202	bless
4203	aunt
4204	agriculture
4205	rock
4206	hostile
4207	root
4208	conceive
4209	combined
4210	instantly
4211	bankruptcy
4212	vaccine
4213	bonus
4214	collaboration
4215	mixed
4216	opposed
4217	orbit
4218	grasp
4219	patience
4220	spite
4221	tropical
4222	voting
4223	patrol
4224	willingness
4225	position
4226	revelation
4227	rent
4228	calm
4229	jewelry
4230	Cuban
4231	haul
4232	concede
4233	trace
4234	wagon
4235	afterward
4236	spectacular
4237	ruin
4238	sheer
4239	prior
4240	immune
4241	reliability
4242	ass
4243	alongside
4244	bush
4245	exotic
4246	fascinating
4247	secure
4248	clip
4249	thigh
4250	bull
4251	drawer
4252	regard
4253	sheep
4254	discourage
4255	coordinator
4256	ideological
4257	runner
4258	secular
4259	intimate
4260	empire
4261	cab
4262	divorce
4263	exam
4264	documentary
4265	neutral
4266	biology
4267	flexible
4268	progressive
4269	web
4270	conspiracy
4271	catch
4272	casualty
4273	republic
4274	execution
4275	terrific
4276	whale
4277	functional
4278	star
4279	draft
4280	instinct
4281	teammate
4282	aluminum
4283	whoever
4284	ministry
4285	verdict
4286	instruct
4287	skull
4288	self-esteem
4289	ease
4290	cooperative
4291	manipulate
4292	bee
4293	practitioner
4294	loop
4295	edit
4296	whip
4297	puzzle
4298	mushroom
4299	subsidy
4300	boil
4301	tragic
4302	mathematics
4303	mechanic
4304	jar
4305	respect
4306	earthquake
4307	pork
4308	creativity
4309	safely
4310	underlying
4311	dessert
4312	sympathy
4313	fisherman
4314	incredibly
4315	isolation
4316	sock
4317	near
4318	jump
4319	eleven
4320	sexy
4321	entrepreneur
4322	syndrome
4323	bureau
4324	seat
4325	workplace
4326	ambition
4327	touchdown
4328	utilize
4329	breeze
4330	costly
4331	ambitious
4332	Christianity
4333	presumably
4334	influential
4335	translation
4336	uncertain
4337	dissolve
4338	object
4339	statistical
4340	gut
4341	metropolitan
4342	rolling
4343	aesthetic
4344	spell
4345	insert
4346	booth
4347	helmet
4348	waist
4349	expected
4350	lion
4351	accomplishment
4352	royal
4353	panic
4354	cast
4355	crush
4356	actively
4357	cliff
4358	minimal
4359	cord
4360	fortunately
4361	cocaine
4362	illusion
4363	anonymous
4364	tolerate
4365	appreciation
4366	commissioner
4367	harm
4368	flexibility
4369	instructional
4370	scramble
4371	casino
4372	tumor
4373	decorate
4374	sort
4375	charge
4376	pulse
4377	equivalent
4378	fixed
4379	experienced
4380	donation
4381	diary
4382	sibling
4383	irony
4384	spoon
4385	midst
4386	alley
4387	upset
4388	interact
4389	soap
4390	cute
4391	rival
4392	short-term
4393	punch
4394	pin
4395	hockey
4396	passing
4397	persist
4398	supplier
4399	known
4400	momentum
4401	purse
4402	shed
4403	liquid
4404	icon
4405	elephant
4406	consequently
4407	legislature
4408	associate
4409	franchise
4410	correctly
4411	mentally
4412	foster
4413	bicycle
4414	encouraging
4415	cheat
4416	access
4417	heal
4418	fever
4419	filter
4420	rabbit
4421	coin
4422	exploit
4423	accessible
4424	organism
4425	sensation
4426	partially
4427	stay
4428	upstairs
4429	dried
4430	minimum
4431	pro
4432	conservation
4433	shove
4434	backyard
4435	charter
4436	stove
4437	consent
4438	comprise
4439	reminder
4440	alike
4441	placement
4442	dough
4443	grandchild
4444	dam
4445	reportedly
4446	well-known
4447	surrounding
4448	ecological
4449	outfit
4450	unprecedented
4451	columnist
4452	workout
4453	preliminary
4454	patent
4455	shy
4456	quote
4457	trash
4458	disabled
4459	gross
4460	damn
4461	hormone
4462	texture
4463	counter
4464	pencil
4465	associate
4466	frontier
4467	spray
4468	bet
4469	disclose
4470	custody
4471	banker
4472	beast
4473	interfere
4474	oak
4475	case
4476	eighth
4477	notebook
4478	outline
4479	gaze
4480	attendance
4481	speculation
4482	uncover
4483	behalf
4484	innovative
4485	shark
4486	reward
4487	mill
4488	installation
4489	stimulate
4490	tag
4491	vertical
4492	swimming
4493	fleet
4494	catalog
4495	outsider
4496	sacrifice
4497	desperately
4498	stance
4499	compel
4500	sensitivity
4501	someday
4502	instant
4503	debut
4504	proclaim
4505	worldwide
4506	hike
4507	required
4508	confrontation
4509	colorful
4510	ideal
4511	constitution
4512	trainer
4513	Thanksgiving
4514	scent
4515	stack
4516	eyebrow
4517	sack
4518	cease
4519	inherit
4520	tray
4521	pioneer
4522	organizational
4523	textbook
4524	uh
4525	nasty
4526	shrink
4527	model
4528	emerging
4529	dot
4530	wheat
4531	fierce
4532	envision
4533	rational
4534	kingdom
4535	aisle
4536	weaken
4537	protocol
4538	exclusively
4539	vocal
4540	marketplace
4541	openly
4542	unfair
4543	terrain
4544	deploy
4545	risky
4546	pasta
4547	genre
4548	distract
4549	merit
4550	planner
4551	depressed
4552	chunk
4553	closest
4554	discount
4555	no
4556	ladder
4557	jungle
4558	migration
4559	breathing
4560	invade
4561	hurricane
4562	retailer
4563	classify
4564	wound
4565	coup
4566	aid
4567	ambassador
4568	density
4569	supportive
4570	curiosity
4571	skip
4572	aggression
4573	stimulus
4574	journalism
4575	robot
4576	flood
4577	dip
4578	likewise
4579	informal
4580	Persian
4581	feather
4582	sphere
4583	tighten
4584	boast
4585	pat
4586	perceived
4587	sole
4588	publicity
4589	major
4590	unfold
4591	joke
4592	well-being
4593	validity
4594	ecosystem
4595	strictly
4596	partial
4597	collar
4598	weed
4599	compliance
4600	streak
4601	supposedly
4602	added
4603	builder
4604	glimpse
4605	premise
4606	specialty
4607	deem
4608	artifact
4609	sneak
4610	monkey
4611	mentor
4612	two-thirds
4613	listener
4614	lightning
4615	legally
4616	sleeve
4617	disappointment
4618	disturb
4619	rib
4620	excessive
4621	high-tech
4622	debris
4623	pile
4624	rod
4625	logical
4626	liberal
4627	ash
4628	socially
4629	parish
4630	slavery
4631	blank
4632	commodity
4633	cure
4634	mineral
4635	hunger
4636	dying
4637	developmental
4638	faster
4639	spare
4640	halfway
4641	cure
4642	equality
4643	cemetery
4644	harassment
4645	deliberately
4646	fame
4647	regret
4648	striking
4649	likelihood
4650	carrot
4651	atop
4652	toll
4653	rim
4654	embarrassed
4655	fucking
4656	cling
4657	isolated
4658	blink
4659	suspicious
4660	wheelchair
4661	squad
4662	eligible
4663	processor
4664	plunge
4665	this
4666	sponsor
4667	grin
4668	color
4669	demographic
4670	rain
4671	chill
4672	refuge
4673	steer
4674	legislator
4675	rally
4676	programming
4677	cheer
4678	outlet
4679	intact
4680	vendor
4681	thrive
4682	peanut
4683	chew
4684	elaborate
4685	intellectual
4686	conception
4687	auction
4688	steak
4689	comply
4690	triumph
4691	shareholder
4692	comparable
4693	transport
4694	conscience
4695	calculation
4696	considerably
4697	interval
4698	scratch
4699	awake
4700	jurisdiction
4701	inevitably
4702	feminist
4703	constraint
4704	emotionally
4705	expedition
4706	allegedly
4707	compromise
4708	strain
4709	similarity
4710	butt
4711	lid
4712	dumb
4713	bulk
4714	sprinkle
4715	mortality
4716	philosophical
4717	conversion
4718	patron
4719	municipal
4720	any
4721	liver
4722	harmony
4723	solely
4724	tolerance
4725	instant
4726	goat
4727	arm
4728	blessing
4729	banana
4730	running
4731	palace
4732	formerly
4733	peasant
4734	neat
4735	grandparent
4736	lawmaker
4737	supermarket
4738	cruise
4739	mobile
4740	plain
4741	part
4742	calendar
4743	widow
4744	deposit
4745	beard
4746	brake
4747	downtown
4748	screening
4749	impulse
4750	forbid
4751	fur
4752	brutal
4753	predator
4754	poke
4755	opt
4756	voluntary
4757	trouble
4758	valid
4759	forum
4760	dancing
4761	happily
4762	soar
4763	removal
4764	autonomy
4765	enact
4766	round
4767	thread
4768	light
4769	landmark
4770	unhappy
4771	offender
4772	coming
4773	privately
4774	fraction
4775	distinctive
4776	tourism
4777	threshold
4778	calm
4779	routinely
4780	suite
4781	remark
4782	regulator
4783	straw
4784	theological
4785	apart
4786	exhaust
4787	globe
4788	fragile
4789	objection
4790	chemistry
4791	old-fashioned
4792	crowded
4793	circle
4794	blast
4795	prevail
4796	overnight
4797	denial
4798	rental
4799	fantastic
4800	fragment
4801	level
4802	screw
4803	warmth
4804	undergraduate
4805	liquid
4806	headache
4807	policeman
4808	yield
4809	projection
4810	battle
4811	suitable
4812	mention
4813	graduation
4814	drill
4815	cruel
4816	mansion
4817	regard
4818	grape
4819	authorize
4820	cottage
4821	driveway
4822	charm
4823	sexuality
4824	loyal
4825	clay
4826	pound
4827	balloon
4828	invention
4829	ego
4830	fare
4831	homework
4832	disc
4833	sofa
4834	guarantee
4835	availability
4836	radar
4837	frown
4838	regain
4839	leave
4840	permit
4841	sweater
4842	rehabilitation
4843	rubber
4844	retreat
4845	molecule
4846	freely
4847	favorable
4848	steadily
4849	veteran
4850	integrated
4851	ha
4852	youngster
4853	broadcast
4854	premium
4855	accountability
4856	overwhelm
4857	one-third
4858	contemplate
4859	update
4860	spark
4861	ironically
4862	fatigue
4863	beyond
4864	speculate
4865	marker
4866	low
4867	preach
4868	bucket
4869	bomb
4870	blond
4871	confession
4872	provoke
4873	marble
4874	substantially
4875	twist
4876	defender
4877	fish
4878	explicit
4879	transport
4880	disturbing
4881	surveillance
4882	magnetic
4883	technician
4884	mutter
4885	devastating
4886	depart
4887	arrow
4888	trauma
4889	neighboring
4890	soak
4891	ribbon
4892	meantime
4893	transmit
4894	screen
4895	harvest
4896	consecutive
4897	republican
4898	coordinate
4899	worldwide
4900	within
4901	spy
4902	slot
4903	riot
4904	nutrient
4905	citizenship
4906	severely
4907	sovereignty
4908	ridge
4909	brave
4910	lighting
4911	specify
4912	contributor
4913	frustrate
4914	crowd
4915	articulate
4916	importantly
4917	transit
4918	dense
4919	seminar
4920	electronics
4921	sunny
4922	shorts
4923	swell
4924	accusation
4925	soften
4926	photograph
4927	straighten
4928	terribly
4929	cue
4930	sudden
4931	bride
4932	biography
4933	hazard
4934	compelling
4935	seldom
4936	tile
4937	economically
4938	honestly
4939	troubled
4940	bow
4941	twentieth
4942	balanced
4943	foreigner
4944	launch
4945	convenience
4946	delight
4947	weave
4948	timber
4949	till
4950	accurately
4951	plea
4952	bulb
4953	copy
4954	flying
4955	sustainable
4956	devil
4957	bolt
4958	cargo
4959	spine
4960	seller
4961	skilled
4962	managing
4963	public
4964	marine
4965	dock
4966	organized
4967	fog
4968	diplomat
4969	boring
4970	sometime
4971	summary
4972	missionary
4973	epidemic
4974	fatal
4975	trim
4976	warehouse
4977	accelerate
4978	butterfly
4979	bronze
4980	drown
4981	inherent
4982	praise
4983	nationwide
4984	spit
4985	harvest
4986	kneel
4987	vacuum
4988	selected
4989	dictate
4990	stereotype
4991	sensor
4992	laundry
4993	manual
4994	pistol
4995	naval
4996	plaintiff
4997	kid
4998	middle-class
4999	apology
5000	till
5001	bore
5002	beloved
5003	website
5004	entertain
5005	chopped
5006	smoking
5007	bizarre
5008	overseas
5009	tribute
5010	retrieve
5011	devise
5012	bomber
5013	campaign
5014	nominate
5015	bargain
5016	skeptical
5017	scrutiny
5018	suppress
5019	rape
5020	brass
5021	considering
5022	drill
5023	unfortunate
5024	anchor
5025	hunt
5026	zero
5027	extract
5028	intensive
5029	betray
5030	consistency
5031	lift
5032	videotape
5033	developed
5034	bureaucracy
5035	clever
5036	interactive
5037	loser
5038	challenging
5039	skiing
5040	critique
5041	congregation
5042	delicious
5043	aboard
5044	reproduce
5045	march
5046	compassion
5047	Iranian
5048	contract
5049	exit
5050	GOP
5051	worm
5052	beneficial
5053	awkward
5054	legendary
5055	complication
5056	marijuana
5057	restoration
5058	composer
5059	concession
5060	militia
5061	authentic
5062	tenure
5063	rejection
5064	thief
5065	dome
5066	inadequate
5067	locker
5068	editorial
5069	autumn
5070	subsequently
5071	faithful
5072	merger
5073	haunt
5074	crude
5075	sheriff
5076	vague
5077	trader
5078	evoke
5079	pal
5080	objective
5081	completion
5082	vein
5083	scar
5084	progress
5085	surrender
5086	surge
5087	affirmative
5088	inspect
5089	stroke
5090	commentary
5091	sailor
5092	variance
5093	follower
5094	imperial
5095	suspension
5096	classic
5097	caller
5098	ranking
5099	compensate
5100	making
5101	fossil
5102	center
5103	stunning
5104	hover
5105	voice
5106	trout
5107	inappropriate
5108	fuck
5109	viable
5110	ray
5111	cowboy
5112	sketch
5113	clarify
5114	chat
5115	countless
5116	good
5117	copper
5118	upcoming
5119	ninth
5120	pupil
5121	combat
5122	foster
5123	strive
5124	lyrics
5125	neglect
5126	gambling
5127	ward
5128	warfare
5129	mound
5130	medieval
5131	rob
5132	learner
5133	reasonably
5134	commercial
5135	bang
5136	knot
5137	bad
5138	dragon
5139	advocacy
5140	tilt
5141	monetary
5142	prosperity
5143	antibiotic
5144	joint
5145	time
5146	spray
5147	creator
5148	accumulate
5149	biologist
5150	electoral
5151	fishery
5152	prosecute
5153	embody
5154	punch
5155	rug
5156	dull
5157	intervene
5158	raid
5159	glow
5160	crown
5161	fake
5162	illustration
5163	crab
5164	creep
5165	worthy
5166	satisfied
5167	hydrogen
5168	capitalism
5169	farming
5170	probability
5171	vinegar
5172	advisory
5173	organizer
5174	bar
5175	remedy
5176	manuscript
5177	inability
5178	smash
5179	hopeful
5180	disagreement
5181	fancy
5182	mandatory
5183	morality
5184	dive
5185	purely
5186	soda
5187	Iraqi
5188	advertise
5189	pick
5190	shiny
5191	bass
5192	memo
5193	lesser
5194	stun
5195	junk
5196	devoted
5197	manufacture
5198	board
5199	poorly
5200	affection
5201	mature
5202	stamp
5203	between
5204	silently
5205	fool
5206	colored
5207	warming
5208	philosopher
5209	clutch
5210	breakdown
5211	conceal
5212	retreat
5213	experiment
5214	monitoring
5215	kidney
5216	curl
5217	spin
5218	healing
5219	nineteenth
5220	goodness
5221	geography
5222	destiny
5223	remarkably
5224	alien
5225	literacy
5226	taxi
5227	leak
5228	solo
5229	narrative
5230	Australian
5231	trillion
5232	loving
5233	homicide
5234	parliament
5235	herd
5236	greenhouse
5237	outline
5238	biblical
5239	passionate
5240	expenditure
5241	probe
5242	pipeline
5243	fuel
5244	psychiatrist
5245	ruin
5246	atom
5247	snack
5248	hood
5249	ending
5250	migrant
5251	positively
5252	charming
5253	baking
5254	supplement
5255	ink
5256	distress
5257	competence
5258	adaptation
5259	Oscar
5260	imagery
5261	addiction
5262	pledge
5263	paradigm
5264	homeowner
5265	memorial
5266	large
5267	hierarchy
5268	infect
5269	double
5270	backward
5271	hike
5272	offend
5273	appetite
5274	left
5275	sympathetic
5276	reconstruction
5277	condom
5278	hostility
5279	temporarily
5280	master
5281	litigation
5282	spectator
5283	bleed
5284	comet
5285	explicitly
5286	ensemble
5287	anger
5288	choke
5289	saint
5290	cocktail
5291	kick
5292	part-time
5293	twenty-five
5294	pea
5295	pesticide
5296	delegate
5297	tremble
5298	preservation
5299	cautious
5300	trigger
5301	rotation
5302	adolescent
5303	affordable
5304	prejudice
5305	certificate
5306	Italian
5307	venture
5308	robe
5309	price
5310	designate
5311	abruptly
5312	nod
5313	mercy
5314	rookie
5315	pin
5316	scream
5317	classmate
5318	hurt
5319	cult
5320	acute
5321	motel
5322	hatred
5323	diameter
5324	nursing
5325	predecessor
5326	induce
5327	blast
5328	enlist
5329	disclosure
5330	juvenile
5331	fan
5332	open
5333	gown
5334	notably
5335	usual
5336	halt
5337	persistent
5338	correlate
5339	humanitarian
5340	update
5341	exile
5342	roar
5343	torture
5344	architectural
5345	chorus
5346	fountain
5347	revive
5348	endangered
5349	comic
5350	reside
5351	revenge
5352	unclear
5353	sour
5354	caution
5355	originate
5356	empirical
5357	lure
5358	compile
5359	nationally
5360	erupt
5361	graphic
5362	loom
5363	witch
5364	endorsement
5365	notable
5366	dusty
5367	glow
5368	trip
5369	cane
5370	fortunate
5371	least
5372	forge
5373	export
5374	disrupt
5375	commerce
5376	aging
5377	rap
5378	surgical
5379	breakthrough
5380	specialized
5381	established
5382	lobbyist
5383	desirable
5384	slim
5385	remains
5386	allege
5387	grip
5388	alert
5389	rear
5390	attain
5391	countryside
5392	hut
5393	sixteen
5394	couple
5395	holding
5396	excite
5397	dinosaur
5398	choir
5399	comfort
5400	title
5401	urgent
5402	pronounce
5403	banner
5404	rising
5405	insider
5406	reform
5407	confine
5408	assertion
5409	burst
5410	underground
5411	orthodox
5412	register
5413	payroll
5414	odor
5415	outbreak
5416	grim
5417	winning
5418	strand
5419	freshly
5420	profitable
5421	orchestra
5422	novel
5423	drought
5424	bead
5425	uphold
5426	commentator
5427	leap
5428	blame
5429	tape
5430	sweat
5431	believer
5432	hazardous
5433	confirmation
5434	wireless
5435	merge
5436	proceedings
5437	shaft
5438	convenient
5439	accommodation
5440	theft
5441	frog
5442	guess
5443	vanilla
5444	grind
5445	elected
5446	lone
5447	registration
5448	wounded
5449	prescribe
5450	courtesy
5451	shotgun
5452	subway
5453	circulation
5454	sentence
5455	transplant
5456	explosive
5457	congressman
5458	penetrate
5459	illuminate
5460	venue
5461	Nazi
5462	parameter
5463	canal
5464	grill
5465	unnecessary
5466	champagne
5467	regression
5468	flaw
5469	innocence
5470	attribute
5471	evolutionary
5472	optimism
5473	native
5474	skinny
5475	posture
5476	systematic
5477	demon
5478	resulting
5479	inclusion
5480	rehearsal
5481	reassure
5482	great
5483	invoke
5484	discard
5485	tub
5486	restraint
5487	prospective
5488	revival
5489	correspond
5490	theirs
5491	murderer
5492	duration
5493	inside
5494	tin
5495	abundance
5496	lime
5497	proposition
5498	despair
5499	attendant
5500	ethnicity
5501	fulfill
5502	successor
5503	assassination
5504	atomic
5505	geographic
5506	crying
5507	portable
5508	handling
5509	zero
5510	strawberry
5511	holder
5512	guerrilla
5513	clarity
5514	environmentalist
5515	canyon
5516	verse
5517	moisture
5518	rally
5519	contradiction
5520	trophy
5521	ironic
5522	rattle
5523	co-worker
5524	parenting
5525	gorgeous
5526	shatter
5527	descent
5528	widen
5529	tease
5530	startle
5531	import
5532	gospel
5533	prince
5534	waiter
5535	subject
5536	vow
5537	separately
5538	precision
5539	downstairs
5540	rigid
5541	semester
5542	cutting
5543	jam
5544	hometown
5545	reply
5546	financially
5547	statistically
5548	tumble
5549	backup
5550	detector
5551	grid
5552	psychiatric
5553	eighteen
5554	tax
5555	mistake
5556	rotate
5557	recount
5558	spotlight
5559	push
5560	settler
5561	reason
5562	narrow
5563	lean
5564	magnificent
5565	polite
5566	contrary
5567	long
5568	scrape
5569	optical
5570	fourteen
5571	ambulance
5572	superintendent
5573	bump
5574	prey
5575	dead
5576	sadness
5577	enthusiastic
5578	peculiar
5579	editorial
5580	audit
5581	supporting
5582	continually
5583	modem
5584	firefighter
5585	supper
5586	applicant
5587	sample
5588	Egyptian
5589	absent
5590	salvation
5591	namely
5592	injured
5593	conceptual
5594	equivalent
5595	visa
5596	highlight
5597	try
5598	renew
5599	overhead
5600	peach
5601	modification
5602	goose
5603	fireplace
5604	Caribbean
5605	nurture
5606	keyboard
5607	lobby
5608	formally
5609	vivid
5610	reserve
5611	frighten
5612	frightening
5613	furious
5614	poison
5615	repeated
5616	daddy
5617	ruler
5618	undoubtedly
5619	rocky
5620	amount
5621	concrete
5622	tenant
5623	total
5624	omit
5625	round
5626	grade
5627	spider
5628	obsession
5629	corpse
5630	damp
5631	Turkish
5632	problematic
5633	certainty
5634	unidentified
5635	nutrition
5636	melody
5637	electron
5638	physicist
5639	distinguished
5640	vocabulary
5641	maple
5642	wool
5643	salesman
5644	memoir
5645	damn
5646	utterly
5647	cultivate
5648	microphone
5649	cherry
5650	luxury
5651	summarize
5652	meadow
5653	goodbye
5654	disposal
5655	magical
5656	accordingly
5657	defy
5658	stack
5659	plug
5660	mining
5661	wallet
5662	socialist
5663	lamb
5664	scrap
5665	tempt
5666	fundamentally
5667	wildly
5668	declaration
5669	axis
5670	academy
5671	applause
5672	inject
5673	nursing
5674	evenly
5675	precede
5676	dual
5677	supervise
5678	shield
5679	newcomer
5680	triangle
5681	aspiration
5682	financing
5683	narrator
5684	fried
5685	suitcase
5686	inclined
5687	calcium
5688	supervision
5689	bump
5690	substitute
5691	con
5692	realization
5693	picnic
5694	gravel
5695	nationalism
5696	textile
5697	contrary
5698	precedent
5699	visiting
5700	eternal
5701	interpreter
5702	indictment
5703	current
5704	planned
5705	encompass
5706	collision
5707	calf
5708	clan
5709	verify
5710	creek
5711	nursery
5712	skillet
5713	boxing
5714	faction
5715	diplomacy
5716	spice
5717	alert
5718	confused
5719	mat
5720	hop
5721	immense
5722	sixty
5723	thirteen
5724	African-American
5725	ashamed
5726	bitch
5727	dean
5728	afterwards
5729	independently
5730	instrumental
5731	noble
5732	aftermath
5733	millennium
5734	gasp
5735	select
5736	astronaut
5737	crust
5738	useless
5739	reproduction
5740	burn
5741	flu
5742	embarrassing
5743	altar
5744	umbrella
5745	enrollment
5746	unconscious
5747	listing
5748	mosquito
5749	intimacy
5750	divert
5751	vine
5752	guardian
5753	obey
5754	thoughtful
5755	shocked
5756	tech
5757	methodology
5758	simulation
5759	permanently
5760	awaken
5761	jail
5762	passive
5763	monopoly
5764	loudly
5765	mess
5766	nun
5767	outrage
5768	quantum
5769	level
5770	optional
5771	summon
5772	attachment
5773	miner
5774	aloud
5775	cigar
5776	breed
5777	broth
5778	delegation
5779	haven
5780	dangle
5781	stage
5782	jerk
5783	mobility
5784	assurance
5785	chop
5786	competing
5787	spark
5788	spare
5789	mob
5790	dioxide
5791	affirm
5792	consultation
5793	weep
5794	liquor
5795	accountable
5796	sip
5797	pace
5798	sadly
5799	emergence
5800	span
5801	fold
5802	applaud
5803	lifelong
5804	linger
5805	cube
5806	Swiss
5807	fax
5808	preacher
5809	underneath
5810	embassy
5811	calm
5812	injection
5813	plantation
5814	clear
5815	dim
5816	sunset
5817	facial
5818	predictable
5819	presume
5820	empty
5821	x-ray
5822	nearest
5823	echo
5824	stabilize
5825	excess
5826	constituent
5827	proponent
5828	Vietnamese
5829	gardener
5830	antique
5831	Polish
5832	sweeping
5833	dairy
5834	skate
5835	manipulation
5836	wit
5837	legitimacy
5838	curse
5839	Saudi
5840	fabulous
5841	resignation
5842	intersection
5843	whisper
5844	sum
5845	reconciliation
5846	impairment
5847	Latino
5848	deed
5849	cruise
5850	culturally
5851	sigh
5852	film
5853	miserable
5854	closure
5855	half
5856	machinery
5857	lively
5858	shave
5859	luxury
5860	institute
5861	erase
5862	plot
5863	irrelevant
5864	terminal
5865	harbor
5866	coaching
5867	foolish
5868	frightened
5869	hate
5870	Reverend
5871	ignorance
5872	neatly
5873	smoking
5874	skier
5875	wetland
5876	playground
5877	cellular
5878	embarrassment
5879	amateur
5880	competent
5881	linear
5882	mosque
5883	primitive
5884	reasoning
5885	balcony
5886	closing
5887	excellence
5888	brow
5889	ant
5890	par
5891	harmful
5892	recycle
5893	worship
5894	torture
5895	coincidence
5896	resentment
5897	feminine
5898	justification
5899	dependence
5900	destructive
5901	repetition
5902	niche
5903	tuition
5904	bid
5905	dividend
5906	single
5907	re-election
5908	wash
5909	revise
5910	bark
5911	inexpensive
5912	terrify
5913	governmental
5914	sleeping
5915	like
5916	courtyard
5917	fascinate
5918	graphic
5919	generator
5920	stab
5921	cafe
5922	incidence
5923	prop
5924	failed
5925	pledge
5926	propaganda
5927	underscore
5928	formulate
5929	corrupt
5930	castle
5931	technically
5932	parallel
5933	wan
5934	fulfil
5935	microwave
5936	thorough
5937	specimen
5938	obscure
5939	near
5940	spectacle
5941	thrill
5942	heroin
5943	monk
5944	anchor
5945	outlook
5946	treat
5947	above
5948	bout
5949	laptop
5950	sniff
5951	reproductive
5952	varying
5953	matrix
5954	printer
5955	spatial
5956	setup
5957	bored
5958	cone
5959	cleanup
5960	runway
5961	filter
5962	locally
5963	armor
5964	stroll
5965	uh-huh
5966	lineup
5967	nitrogen
5968	rebound
5969	transparent
5970	integral
5971	respective
5972	saying
5973	circulate
5974	forecast
5975	Easter
5976	substitute
5977	intriguing
5978	classification
5979	breeding
5980	paragraph
5981	advisor
5982	thrust
5983	allied
5984	recreation
5985	jam
5986	footage
5987	absurd
5988	preferred
5989	say
5990	urge
5991	temptation
5992	reservoir
5993	feast
5994	unfamiliar
5995	analogy
5996	conductor
5997	inhabitant
5998	strap
5999	fund-raising
6000	determined
6001	logo
6002	drain
6003	leak
6004	intensify
6005	mail
6006	regret
6007	toddler
6008	spell
6009	arc
6010	sway
6011	maximum
6012	slip
6013	sophomore
6014	maximize
6015	head
6016	upgrade
6017	manifest
6018	refusal
6019	erosion
6020	recreational
6021	flush
6022	license
6023	educated
6024	ruling
6025	lick
6026	predominantly
6027	unaware
6028	align
6029	courthouse
6030	mighty
6031	sufficiently
6032	idiot
6033	subjective
6034	valve
6035	defect
6036	accountant
6037	fairness
6038	vulnerability
6039	additionally
6040	finely
6041	owl
6042	slash
6043	petition
6044	diner
6045	advertisement
6046	aside
6047	correspondence
6048	static
6049	artery
6050	mist
6051	overall
6052	curator
6053	baseline
6054	coefficient
6055	correction
6056	grower
6057	nonsense
6058	gum
6059	contrast
6060	thrill
6061	thesis
6062	dressing
6063	audio
6064	qualified
6065	cosmic
6066	ponder
6067	sanctuary
6068	complicate
6069	smooth
6070	denounce
6071	beating
6072	prepared
6073	lounge
6074	stool
6075	recycling
6076	uniform
6077	credible
6078	simmer
6079	tuna
6080	revision
6081	dear
6082	horizontal
6083	mattress
6084	daylight
6085	warrant
6086	exceptional
6087	saturated
6088	embed
6089	staffer
6090	wary
6091	parallel
6092	bundle
6093	memorable
6094	linen
6095	ozone
6096	robbery
6097	footstep
6098	common
6099	prostitute
6100	drip
6101	battlefield
6102	nicely
6103	shocking
6104	recorder
6105	clove
6106	loosen
6107	intake
6108	predictor
6109	elevate
6110	forced
6111	lottery
6112	chore
6113	fringe
6114	reduced
6115	lengthy
6116	log
6117	hedge
6118	academic
6119	tattoo
6120	shopper
6121	ski
6122	telecommunications
6123	scan
6124	coral
6125	heating
6126	lease
6127	appliance
6128	census
6129	maid
6130	murmur
6131	circus
6132	rationale
6133	gauge
6134	detail
6135	corps
6136	injustice
6137	inhabit
6138	quota
6139	lieutenant
6140	excerpt
6141	excess
6142	stride
6143	soy
6144	Soviet
6145	dub
6146	motorcycle
6147	copyright
6148	miniature
6149	coordination
6150	insurer
6151	unbelievable
6152	ripe
6153	amazed
6154	warrant
6155	slogan
6156	oversight
6157	reunion
6158	large-scale
6159	accord
6160	jewel
6161	snatch
6162	waiting
6163	feminist
6164	coat
6165	perch
6166	outrageous
6167	viewpoint
6168	overly
6169	all-star
6170	albeit
6171	feed
6172	adequately
6173	shrine
6174	individually
6175	misery
6176	mold
6177	dial
6178	avenue
6179	addict
6180	marginal
6181	ramp
6182	staff
6183	berry
6184	mug
6185	mustard
6186	cleaning
6187	controller
6188	nickname
6189	villager
6190	whatsoever
6191	relaxed
6192	local
6193	grave
6194	hail
6195	garment
6196	watercolor
6197	secretly
6198	indoor
6199	fertility
6200	notify
6201	caregiver
6202	activate
6203	exert
6204	naive
6205	trustee
6206	kindergarten
6207	cereal
6208	Arctic
6209	hug
6210	certification
6211	quilt
6212	sensible
6213	turnover
6214	African
6215	fracture
6216	pyramid
6217	tract
6218	moving
6219	bachelor
6220	Protestant
6221	humble
6222	operational
6223	convincing
6224	descendant
6225	proudly
6226	scarf
6227	lump
6228	decoration
6229	mammal
6230	wide
6231	pumpkin
6232	configuration
6233	sampling
6234	freeway
6235	clash
6236	newsletter
6237	ground
6238	imitate
6239	multiply
6240	upward
6241	yank
6242	cough
6243	notorious
6244	stereo
6245	velvet
6246	lethal
6247	entail
6248	roller
6249	olive
6250	compost
6251	toast
6252	endeavor
6253	credential
6254	broadly
6255	filmmaker
6256	fix
6257	smoothly
6258	swirl
6259	distraction
6260	ham
6261	roam
6262	basin
6263	fling
6264	livestock
6265	foam
6266	heroic
6267	asteroid
6268	heir
6269	tomb
6270	offset
6271	bald
6272	abandoned
6273	anticipation
6274	straightforward
6275	insure
6276	Viking
6277	interface
6278	bookstore
6279	pope
6280	crisp
6281	encouragement
6282	protester
6283	honesty
6284	sausage
6285	Sunni
6286	glorious
6287	frustrating
6288	overturn
6289	compact
6290	deprive
6291	fearful
6292	selective
6293	transcript
6294	meditation
6295	shiver
6296	aging
6297	don
6298	flourish
6299	discharge
6300	mainland
6301	standpoint
6302	beautifully
6303	tug
6304	empower
6305	lobster
6306	solidarity
6307	turning
6308	detection
6309	shield
6310	occurrence
6311	saddle
6312	artwork
6313	partisan
6314	prone
6315	lasting
6316	hose
6317	liberation
6318	abundant
6319	confusing
6320	renewed
6321	hammer
6322	aggressively
6323	formidable
6324	tap
6325	burial
6326	unwilling
6327	packet
6328	exclusion
6329	mobilize
6330	vigorous
6331	lazy
6332	passport
6333	marital
6334	Greek
6335	fond
6336	photographic
6337	questionable
6338	poise
6339	homemade
6340	drape
6341	surplus
6342	archaeologist
6343	surroundings
6344	vicious
6345	caution
6346	wedge
6347	eagle
6348	Victorian
6349	disturbance
6350	sandy
6351	evangelical
6352	coffin
6353	tense
6354	server
6355	wait
6356	spokeswoman
6357	shed
6358	fashion
6359	construct
6360	leisure
6361	emit
6362	pharmaceutical
6363	prototype
6364	unusually
6365	lender
6366	acquaintance
6367	vegetation
6368	comparative
6369	scratch
6370	anthropologist
6371	magnet
6372	seasonal
6373	contempt
6374	bastard
6375	module
6376	considering
6377	dominance
6378	desired
6379	ample
6380	zoo
6381	wheel
6382	theorist
6383	disadvantage
6384	throw
6385	efficacy
6386	stripe
6387	commission
6388	foremost
6389	potent
6390	exclaim
6391	clip
6392	tee
6393	crossing
6394	dentist
6395	den
6396	adverse
6397	reported
6398	scholarly
6399	conditioning
6400	improving
6401	sorrow
6402	whisk
6403	pastry
6404	opposite
6405	provincial
6406	decrease
6407	exaggerate
6408	reactor
6409	oyster
6410	decisive
6411	curl
6412	arch
6413	satisfying
6414	visually
6415	seventeen
6416	wage
6417	volcano
6418	desert
6419	greeting
6420	jealous
6421	chuckle
6422	molecular
6423	pasture
6424	swamp
6425	rebellion
6426	sleeping
6427	team
6428	standardized
6429	dash
6430	constituency
6431	communist
6432	steering
6433	awesome
6434	coming
6435	lesbian
6436	evidently
6437	bait
6438	sore
6439	map
6440	deliberate
6441	embargo
6442	novelist
6443	reef
6444	fictional
6445	blend
6446	usage
6447	boost
6448	registered
6449	erect
6450	oath
6451	efficiently
6452	deficiency
6453	antique
6454	nephew
6455	glare
6456	implant
6457	dietary
6458	blur
6459	middle-aged
6460	fertilizer
6461	fairy
6462	vintage
6463	freezing
6464	altitude
6465	subscale
6466	breed
6467	nationwide
6468	protected
6469	squint
6470	five-year
6471	urgency
6472	span
6473	download
6474	recruitment
6475	handy
6476	oddly
6477	tag
6478	flashlight
6479	differentiate
6480	racist
6481	varied
6482	hammer
6483	collaborate
6484	succession
6485	tricky
6486	follow-up
6487	waitress
6488	remnant
6489	cement
6490	elk
6491	morally
6492	recite
6493	unemployed
6494	communal
6495	Brazilian
6496	click
6497	guiding
6498	cuisine
6499	hint
6500	interference
6501	situate
6502	sip
6503	thinker
6504	expanding
6505	maturity
6506	bacon
6507	spoil
6508	wrestle
6509	devastate
6510	underestimate
6511	navigate
6512	robust
6513	clause
6514	mature
6515	committed
6516	fit
6517	collaborative
6518	bulletin
6519	darling
6520	ecology
6521	deployment
6522	phone
6523	terrace
6524	northwestern
6525	resent
6526	blossom
6527	temper
6528	continuity
6529	grass-roots
6530	ritual
6531	genuinely
6532	accessory
6533	petty
6534	overseas
6535	obsessed
6536	smiling
6537	wrap
6538	indirect
6539	spacecraft
6540	ya
6541	up
6542	bureaucratic
6543	long-standing
6544	generic
6545	stride
6546	water
6547	globalization
6548	marathon
6549	massacre
6550	spur
6551	prestigious
6552	discomfort
6553	scale
6554	backpack
6555	trench
6556	low-income
6557	deviation
6558	spirituality
6559	icy
6560	down
6561	applied
6562	diesel
6563	whistle
6564	astronomy
6565	nail
6566	governance
6567	devotion
6568	cinnamon
6569	appropriately
6570	skeleton
6571	briefing
6572	sew
6573	spawn
6574	roster
6575	unpleasant
6576	inflict
6577	insane
6578	indict
6579	entertaining
6580	dump
6581	compound
6582	profoundly
6583	marked
6584	boil
6585	muddy
6586	two-year
6587	singing
6588	turtle
6589	occupational
6590	nurse
6591	trio
6592	ferry
6593	leverage
6594	comeback
6595	consulting
6596	thereafter
6597	conflicting
6598	sticky
6599	painted
6600	turmoil
6601	astonishing
6602	randomly
6603	referral
6604	perfection
6605	clergy
6606	renewal
6607	migrate
6608	sustained
6609	keen
6610	orient
6611	rite
6612	imaginary
6613	mathematical
6614	offspring
6615	radically
6616	archive
6617	knock
6618	full
6619	pillar
6620	adhere
6621	receipt
6622	re-create
6623	probe
6624	underwear
6625	contamination
6626	parlor
6627	uneasy
6628	type
6629	unacceptable
6630	surge
6631	lesbian
6632	appropriation
6633	retention
6634	disappearance
6635	privileged
6636	carriage
6637	sporting
6638	artillery
6639	messenger
6640	motif
6641	mentality
6642	pavement
6643	moist
6644	tackle
6645	tractor
6646	Canadian
6647	statewide
6648	hitter
6649	postpone
6650	craft
6651	beneficiary
6652	helpless
6653	contention
6654	relevance
6655	ballet
6656	hobby
6657	Swedish
6658	Bosnian
6659	policymaker
6660	velocity
6661	critically
6662	reconcile
6663	pathway
6664	noisy
6665	opposing
6666	madness
6667	cleaner
6668	hub
6669	compartment
6670	fury
6671	insult
6672	respected
6673	spontaneous
6674	usher
6675	golfer
6676	embark
6677	tour
6678	asthma
6679	misleading
6680	bloom
6681	slender
6682	blouse
6683	term
6684	bat
6685	proliferation
6686	manifestation
6687	stark
6688	necklace
6689	lettuce
6690	proximity
6691	brochure
6692	perimeter
6693	perfume
6694	firing
6695	brace
6696	symbolize
6697	matching
6698	stamp
6699	flock
6700	firearm
6701	refine
6702	bond
6703	rivalry
6704	volatile
6705	sermon
6706	rigorous
6707	mule
6708	supplement
6709	rival
6710	delighted
6711	oval
6712	hurdle
6713	sturdy
6714	canoe
6715	turf
6716	parsley
6717	broaden
6718	workforce
6719	voyage
6720	drift
6721	definitive
6722	propel
6723	discharge
6724	distort
6725	scoop
6726	overweight
6727	replicate
6728	swift
6729	tab
6730	kind
6731	linebacker
6732	undo
6733	advancement
6734	radical
6735	split
6736	basics
6737	goddess
6738	stalk
6739	intimidate
6740	grandson
6741	verge
6742	plague
6743	bipartisan
6744	sergeant
6745	passing
6746	batch
6747	lace
6748	deter
6749	privatization
6750	lord
6751	expire
6752	adjacent
6753	messy
6754	smoker
6755	catastrophe
6756	withhold
6757	unpredictable
6758	ivory
6759	embryo
6760	coincide
6761	transcend
6762	violin
6763	lucrative
6764	diagnostic
6765	decorative
6766	resistant
6767	escort
6768	service
6769	rag
6770	promptly
6771	reopen
6772	expanded
6773	stall
6774	eye
6775	cheer
6776	detention
6777	dedicated
6778	talking
6779	liar
6780	stream
6781	homosexuality
6782	southeastern
6783	pact
6784	elicit
6785	vest
6786	fascination
6787	inquire
6788	bust
6789	contender
6790	signify
6791	bolster
6792	oblige
6793	hull
6794	parole
6795	deposit
6796	splash
6797	prestige
6798	elevation
6799	backdrop
6800	loved
6801	happening
6802	vibrant
6803	modeling
6804	poetic
6805	interrogation
6806	sensibility
6807	linguistic
6808	reformer
6809	sticker
6810	shooter
6811	scoring
6812	geographical
6813	beam
6814	power
6815	stain
6816	publishing
6817	unveil
6818	imminent
6819	flawed
6820	air
6821	backwards
6822	clap
6823	alpha
6824	foil
6825	uncommon
6826	bearing
6827	rude
6828	bunker
6829	frustrated
6830	amusement
6831	anthropology
6832	deepen
6833	accepted
6834	animated
6835	landlord
6836	curb
6837	bark
6838	composite
6839	crouch
6840	conquer
6841	enduring
6842	implicit
6843	unlimited
6844	dictator
6845	inhale
6846	interestingly
6847	genetically
6848	forthcoming
6849	environmentally
6850	width
6851	healing
6852	therapeutic
6853	fetch
6854	greed
6855	circular
6856	siren
6857	weary
6858	vacant
6859	complement
6860	deaf
6861	duck
6862	incoming
6863	welcome
6864	fastest
6865	tiger
6866	referendum
6867	allocate
6868	millionaire
6869	hillside
6870	four-year
6871	paradox
6872	lush
6873	resident
6874	hurry
6875	charitable
6876	forward
6877	mourn
6878	arguably
6879	scarce
6880	siege
6881	probable
6882	pervasive
6883	prevailing
6884	barbecue
6885	territorial
6886	strangely
6887	definite
6888	translator
6889	strategist
6890	marsh
6891	disruption
6892	preside
6893	gradual
6894	nowadays
6895	displace
6896	discriminate
6897	trademark
6898	solitary
6899	catalogue
6900	documentation
6901	stall
6902	homosexual
6903	multicultural
6904	casually
6905	polar
6906	bass
6907	puppy
6908	prohibition
6909	coconut
6910	median
6911	remainder
6912	neglect
6913	badge
6914	navy
6915	pending
6916	dislike
6917	angler
6918	void
6919	slump
6920	seafood
6921	hum
6922	theologian
6923	dating
6924	inaudible
6925	curse
6926	synthetic
6927	paradise
6928	granite
6929	battered
6930	syrup
6931	buying
6932	mimic
6933	restrain
6934	Broadway
6935	premiere
6936	desktop
6937	erode
6938	beverage
6939	pest
6940	qualification
6941	viewing
6942	interim
6943	wholly
6944	paperwork
6945	oppression
6946	hybrid
6947	illegally
6948	lodge
6949	pierce
6950	ammunition
6951	indulge
6952	commuter
6953	suspected
6954	steroids
6955	flick
6956	answering
6957	prairie
6958	atmospheric
6959	pear
6960	serial
6961	investigative
6962	panic
6963	reflective
6964	boomer
6965	finished
6966	landfill
6967	fund-raiser
6968	surpass
6969	day-to-day
6970	infinite
6971	commute
6972	gossip
6973	muscular
6974	contradict
6975	discrepancy
6976	bilateral
6977	intermediate
6978	temporal
6979	lunar
6980	sincere
6981	pluck
6982	dice
6983	demise
6984	patio
6985	premature
6986	utter
6987	roommate
6988	chant
6989	tout
6990	sound
6991	overwhelmingly
6992	crater
6993	enrich
6994	exploitation
6995	submarine
6996	ditch
6997	clown
6998	comfortably
6999	loaf
7000	twilight
7001	secondly
7002	sweep
7003	wrestling
7004	dispose
7005	cushion
7006	imaging
7007	princess
7008	comprehend
7009	vaguely
7010	one-time
7011	squirrel
7012	adolescence
7013	e-mail
7014	fare
7015	unlock
7016	bleeding
7017	royalty
7018	stock
7019	salon
7020	gear
7021	destine
7022	descriptive
7023	divide
7024	rage
7025	responsive
7026	loosely
7027	superb
7028	evacuate
7029	understandable
7030	squash
7031	recruit
7032	postcard
7033	modified
7034	elusive
7035	float
7036	hardship
7037	relocate
7038	affiliate
7039	claw
7040	pity
7041	incomplete
7042	instability
7043	dodge
7044	gesture
7045	unwanted
7046	bureaucrat
7047	projected
7048	skepticism
7049	marvelous
7050	cater
7051	laborer
7052	continuously
7053	reliance
7054	immunity
7055	fax
7056	tornado
7057	chess
7058	filing
7059	Halloween
7060	buffalo
7061	camel
7062	planetary
7063	nucleus
7064	heck
7065	declining
7066	blonde
7067	conform
7068	Taliban
7069	book
7070	comic
7071	cuff
7072	worthwhile
7073	brightly
7074	shipment
7075	bud
7076	sperm
7077	sedan
7078	accompanying
7079	certified
7080	admiration
7081	roar
7082	apartheid
7083	earring
7084	off
7085	apparatus
7086	withstand
7087	expel
7088	mine
7089	extinction
7090	archaeological
7091	overview
7092	reluctance
7093	forgiveness
7094	prevalent
7095	scarcely
7096	irrigation
7097	societal
7098	benign
7099	lumber
7100	extensively
7101	cabbage
7102	slack
7103	calmly
7104	dedication
7105	follow-up
7106	rugged
7107	boulder
7108	inequality
7109	halt
7110	produce
7111	obscure
7112	coherent
7113	kidnap
7114	earnest
7115	apt
7116	optimal
7117	simplicity
7118	staple
7119	canned
7120	closing
7121	plaque
7122	autobiography
7123	preschool
7124	confidential
7125	characteristic
7126	chat
7127	superstar
7128	intensely
7129	sleek
7130	windshield
7131	elaborate
7132	draw
7133	dune
7134	appropriate
7135	ambiguity
7136	whiskey
7137	compatible
7138	shipping
7139	indirectly
7140	susceptible
7141	deduction
7142	grilled
7143	tester
7144	rinse
7145	vigorously
7146	appealing
7147	relentless
7148	sunglasses
7149	inconsistent
7150	interpersonal
7151	vase
7152	canopy
7153	crumble
7154	staircase
7155	fixture
7156	maternal
7157	lure
7158	negotiator
7159	vampire
7160	certify
7161	mold
7162	cynical
7163	periodically
7164	loneliness
7165	merchandise
7166	excel
7167	fuck
7168	blunt
7169	authoritarian
7170	astronomical
7171	gardening
7172	massage
7173	accidentally
7174	manual
7175	gratitude
7176	emperor
7177	outraged
7178	affiliation
7179	triple
7180	hue
7181	fungus
7182	disparity
7183	enzyme
7184	intercept
7185	postal
7186	lodge
7187	whistle
7188	cease-fire
7189	deepest
7190	surviving
7191	cylinder
7192	membrane
7193	cafeteria
7194	ambiguous
7195	dismantle
7196	selling
7197	dire
7198	hybrid
7199	honorable
7200	high-speed
7201	heap
7202	high-profile
7203	allocation
7204	glide
7205	pave
7206	infectious
7207	communism
7208	preceding
7209	precaution
7210	surface
7211	fry
7212	saucepan
7213	metro
7214	qualitative
7215	activism
7216	infrared
7217	awe
7218	unstable
7219	invariably
7220	informant
7221	onset
7222	myriad
7223	internationally
7224	overnight
7225	heated
7226	nervously
7227	Freeman
7228	pressure
7229	exemption
7230	reluctantly
7231	scout
7232	exposed
7233	pottery
7234	assault
7235	insufficient
7236	subcommittee
7237	spy
7238	antenna
7239	stew
7240	printed
7241	folder
7242	underneath
7243	governing
7244	co-author
7245	plausible
7246	abusive
7247	airborne
7248	sneakers
7249	screw
7250	someplace
7251	harass
7252	behalf
7253	energetic
7254	ethic
7255	Nazi
7256	secrecy
7257	rep
7258	confer
7259	designated
7260	stare
7261	paralyze
7262	endanger
7263	embarrass
7264	billboard
7265	equal
7266	substantive
7267	thermal
7268	precinct
7269	daytime
7270	shrub
7271	underway
7272	grader
7273	consolidate
7274	nationalist
7275	tribunal
7276	pressing
7277	arouse
7278	dental
7279	silence
7280	cockpit
7281	stressful
7282	napkin
7283	unload
7284	pornography
7285	affluent
7286	cozy
7287	knight
7288	urine
7289	harbor
7290	obesity
7291	station
7292	exacerbate
7293	innings
7294	groan
7295	takeover
7296	dwell
7297	milky
7298	forecast
7299	plug
7300	tangible
7301	feat
7302	militant
7303	realism
7304	lurk
7305	torch
7306	swiftly
7307	plague
7308	hay
7309	spinach
7310	dwarf
7311	terminate
7312	beetle
7313	tactical
7314	space
7315	probation
7316	populate
7317	mistress
7318	attic
7319	strap
7320	maneuver
7321	huddle
7322	pirate
7323	constellation
7324	wreck
7325	worship
7326	Baptist
7327	civilized
7328	smack
7329	masculine
7330	think
7331	would-be
7332	lingering
7333	subscriber
7334	platter
7335	printing
7336	pearl
7337	all-time
7338	dusk
7339	renowned
7340	crumb
7341	sewage
7342	gee
7343	allergy
7344	provocative
7345	sweetheart
7346	triple
7347	reversal
7348	stolen
7349	retiree
7350	disappointing
7351	disposition
7352	batter
7353	effect
7354	dart
7355	allegiance
7356	extract
7357	wax
7358	felony
7359	fingertip
7360	sob
7361	trousers
7362	crap
7363	fusion
7364	shovel
7365	homosexual
7366	split
7367	socialism
7368	graceful
7369	puppet
7370	wholesale
7371	freezer
7372	chapel
7373	part
7374	subsidize
7375	disastrous
7376	pastoral
7377	filling
7378	adversary
7379	labor
7380	intricate
7381	voucher
7382	explosives
7383	scheduled
7384	floating
7385	cash
7386	single
7387	burger
7388	throne
7389	renovation
7390	chick
7391	orchard
7392	diaper
7393	gunman
7394	auditor
7395	mural
7396	fingerprint
7397	chord
7398	right-wing
7399	glue
7400	visibility
7401	unified
7402	shining
7403	restructuring
7404	sideline
7405	dash
7406	mankind
7407	incorrect
7408	theatrical
7409	frenzy
7410	plus
7411	Serbian
7412	turbine
7413	reverse
7414	condo
7415	glare
7416	betrayal
7417	focal
7418	baggage
7419	eventual
7420	shack
7421	veto
7422	wire
7423	traumatic
7424	recall
7425	insurgent
7426	showcase
7427	bleak
7428	batter
7429	veil
7430	setback
7431	insistence
7432	restless
7433	severity
7434	mandate
7435	pounding
7436	slow
7437	renewable
7438	competency
7439	crusade
7440	published
7441	entitlement
7442	torso
7443	sunrise
7444	deposition
7445	stump
7446	Pakistani
7447	cheerful
7448	ginger
7449	extraordinarily
7450	fuzzy
7451	awake
7452	puzzled
7453	um
7454	reconstruct
7455	openness
7456	pancake
7457	formulation
7458	diagram
7459	comb
7460	luggage
7461	elimination
7462	hurl
7463	whoa
7464	friction
7465	furnish
7466	knowledgeable
7467	segregation
7468	aerial
7469	prosperous
7470	voluntarily
7471	mid
7472	mama
7473	unleash
7474	giggle
7475	analytical
7476	forensic
7477	grasp
7478	kin
7479	tariff
7480	controlled
7481	examiner
7482	poison
7483	foliage
7484	respectable
7485	ignorant
7486	domination
7487	prostate
7488	climbing
7489	dispatch
7490	disguise
7491	tick
7492	stain
7493	raised
7494	hatch
7495	dine
7496	signing
7497	raft
7498	amend
7499	multimedia
7500	cohort
7501	seizure
7502	arthritis
7503	nutritional
7504	prolonged
7505	sideways
7506	palette
7507	shifting
7508	imitation
7509	lipstick
7510	mediate
7511	cathedral
7512	cram
7513	genome
7514	spike
7515	worrying
7516	lament
7517	selfish
7518	alternate
7519	ignite
7520	bully
7521	revolve
7522	bracelet
7523	negatively
7524	arsenal
7525	keeper
7526	spa
7527	wet
7528	basil
7529	built-in
7530	hmm
7531	contaminate
7532	reverse
7533	disbelief
7534	gay
7535	veto
7536	shout
7537	inhibit
7538	alumnus
7539	enormously
7540	plight
7541	vibration
7542	startling
7543	default
7544	Czech
7545	sickness
7546	chaotic
7547	disperse
7548	hollow
7549	pull
7550	sober
7551	sleepy
7552	listening
7553	saw
7554	camping
7555	youthful
7556	telephone
7557	glowing
7558	pub
7559	comrade
7560	rainbow
7561	contradictory
7562	awhile
7563	Madame
7564	merry
7565	flatten
7566	intrinsic
7567	corresponding
7568	roadside
7569	nap
7570	peek
7571	unexpectedly
7572	impatient
7573	charcoal
7574	high-quality
7575	presently
7576	starve
7577	impair
7578	frantic
7579	razor
7580	cautiously
7581	distributor
7582	planting
7583	half-hour
7584	constructive
7585	fertile
7586	rear
7587	reclaim
7588	prose
7589	prevalence
7590	daunting
7591	disgust
7592	embrace
7593	extreme
7594	sewer
7595	eagerly
7596	timely
7597	wield
7598	slab
7599	yogurt
7600	southwestern
7601	Mexican
7602	catcher
7603	fox
7604	doom
7605	crest
7606	northeastern
7607	rainy
7608	niece
7609	layout
7610	sketch
7611	pose
7612	persistence
7613	eighty
7614	hamburger
7615	upright
7616	rancher
7617	readiness
7618	abolish
7619	accidental
7620	respiratory
7621	capsule
7622	GI
7623	autonomous
7624	yacht
7625	lever
7626	rhetorical
7627	mumble
7628	liner
7629	librarian
7630	down
7631	liberate
7632	year-round
7633	desperation
7634	hands-on
7635	three-year
7636	feminism
7637	morale
7638	anonymity
7639	reinforcement
7640	distortion
7641	interstate
7642	prophet
7643	bloom
7644	pragmatic
7645	almond
7646	topple
7647	validate
7648	cooked
7649	vastly
7650	dime
7651	diversion
7652	Roman
7653	graze
7654	inferior
7655	aboard
7656	reminiscent
7657	sitting
7658	comedian
7659	subsidiary
7660	orphan
7661	brief
7662	alleviate
7663	persona
7664	founding
7665	preview
7666	protagonist
7667	inn
7668	undercover
7669	colonel
7670	collectively
7671	systematically
7672	real-life
7673	reel
7674	enlarge
7675	thin
7676	quick
7677	cruiser
7678	best-selling
7679	adult
7680	crunch
7681	escalate
7682	stubborn
7683	mock
7684	scrub
7685	rubble
7686	discretion
7687	sprawling
7688	foe
7689	capture
7690	polished
7691	bathe
7692	avert
7693	maneuver
7694	detain
7695	arbitrary
7696	resemblance
7697	outdoors
7698	genocide
7699	conjunction
7700	redefine
7701	cavity
7702	unrelated
7703	troubling
7704	novice
7705	glue
7706	animation
7707	blueprint
7708	tenth
7709	catastrophic
7710	black-and-white
7711	compliment
7712	crave
7713	pedestrian
7714	nude
7715	hiring
7716	residue
7717	progression
7718	whip
7719	impact
7720	runoff
7721	shorten
7722	agony
7723	accustom
7724	deteriorate
7725	professionally
7726	empathy
7727	collide
7728	ground
7729	bargaining
7730	feasible
7731	applicable
7732	impeachment
7733	mastery
7734	structure
7735	playwright
7736	directive
7737	bypass
7738	reap
7739	facade
7740	underlie
7741	arrogant
7742	vent
7743	edge
7744	dubious
7745	preventive
7746	creamy
7747	foresee
7748	sport
7749	intent
7750	oneself
7751	wade
7752	enhanced
7753	bracket
7754	dust
7755	harmless
7756	loading
7757	binoculars
7758	bra
7759	paste
7760	premier
7761	peril
7762	eclipse
7763	mirror
7764	peak
7765	nineteenth-century
7766	Mediterranean
7767	enjoyment
7768	reign
7769	convicted
7770	affect
7771	rightly
7772	patriotic
7773	bruise
7774	advertiser
7775	poultry
7776	patrol
7777	heterosexual
7778	rewrite
7779	Protestant
7780	dictatorship
7781	sail
7782	moan
7783	procession
7784	em
7785	automaker
7786	cracker
7787	sitcom
7788	lessen
7789	genetics
7790	conquest
7791	gosh
7792	payoff
7793	Lebanese
7794	parliamentary
7795	amateur
7796	perpetuate
7797	fashionable
7798	Methodist
7799	packaging
7800	railing
7801	inheritance
7802	expectancy
7803	quantitative
7804	infamous
7805	pair
7806	brink
7807	lease
7808	cellar
7809	briefcase
7810	pollutant
7811	paycheck
7812	plum
7813	elevated
7814	recede
7815	inherently
7816	code
7817	abound
7818	repression
7819	boiling
7820	allowance
7821	kidnapping
7822	linkage
7823	breakup
7824	masterpiece
7825	string
7826	lust
7827	roast
7828	low-fat
7829	culminate
7830	plummet
7831	maze
7832	militant
7833	depiction
7834	humiliation
7835	kindness
7836	interest
7837	watershed
7838	wartime
7839	profit
7840	pronounced
7841	drainage
7842	ordeal
7843	splendid
7844	multinational
7845	shell
7846	implicate
7847	periodic
7848	refined
7849	mesh
7850	snapshot
7851	discern
7852	inning
7853	stake
7854	adore
7855	literal
7856	dove
7857	long-distance
7858	slippery
7859	foul
7860	proven
7861	outing
7862	alarming
7863	homer
7864	solicit
7865	politely
7866	thinly
7867	intercourse
7868	tentative
7869	insult
7870	ache
7871	informed
7872	unsuccessful
7873	paid
7874	wicked
7875	stagger
7876	conjure
7877	parcel
7878	nudge
7879	perfect
7880	trained
7881	nasal
7882	uprising
7883	endurance
7884	spicy
7885	trajectory
7886	constrain
7887	ornament
7888	orderly
7889	saga
7890	intentionally
7891	pinch
7892	nationality
7893	comforting
7894	dealings
7895	accord
7896	flake
7897	recess
7898	alcoholic
7899	appraisal
7900	lay
7901	opener
7902	reconsider
7903	offshore
7904	surf
7905	sliced
7906	sunshine
7907	culinary
7908	newborn
7909	biodiversity
7910	degradation
7911	counsel
7912	explorer
7913	superiority
7914	hiss
7915	cubic
7916	initial
7917	adulthood
7918	questioning
7919	autopsy
7920	incapable
7921	mount
7922	residual
7923	slower
7924	gigantic
7925	fingernail
7926	asylum
7927	bum
7928	variable
7929	IQ
7930	repertoire
7931	loft
7932	rethink
7933	rehearse
7934	psyche
7935	pedal
7936	exemplify
7937	bust
7938	imported
7939	shuffle
7940	storm
7941	fiercely
7942	penis
7943	lizard
7944	crate
7945	uranium
7946	underground
7947	tailor
7948	marvel
7949	Kurdish
7950	brighten
7951	scattered
7952	ceramic
7953	thrust
7954	layoff
7955	compassionate
7956	convene
7957	champ
7958	save
7959	violently
7960	psychic
7961	gem
7962	nineteen
7963	roasted
7964	interviewer
7965	upward
7966	landowner
7967	comprehension
7968	compute
7969	wrinkle
7970	aspire
7971	field
7972	amongst
7973	painfully
7974	scrutinize
7975	Scottish
7976	fiery
7977	fireworks
7978	specification
7979	pardon
7980	Hawaiian
7981	Texan
7982	dig
7983	nationalist
7984	walnut
7985	rebound
7986	dive
7987	computing
7988	enhancement
7989	bluff
7990	capitalist
7991	geometry
7992	twenty-four
7993	slick
7994	knob
7995	aspirin
7996	onstage
7997	tracking
7998	hog
7999	pier
8000	splash
8001	nickel
8002	breach
8003	shoot
8004	climb
8005	ideally
8006	dispute
8007	HMO
8008	dependency
8009	broccoli
8010	yoga
8011	tablet
8012	resonate
8013	glacier
8014	Korean
8015	chemotherapy
8016	resort
8017	fumble
8018	erotic
8019	helping
8020	lecture
8021	estrogen
8022	ineffective
8023	polling
8024	channel
8025	cardboard
8026	polish
8027	squat
8028	sediment
8029	jersey
8030	working-class
8031	attribution
8032	recollection
8033	fallen
8034	lobbying
8035	seventy
8036	chair
8037	bartender
8038	akin
8039	forearm
8040	succumb
8041	seasoned
8042	evaporate
8043	wink
8044	simulate
8045	shudder
8046	intrigue
8047	volleyball
8048	grenade
8049	regimen
8050	coarse
8051	incumbent
8052	stature
8053	recruiting
8054	radioactive
8055	graph
8056	goddamn
8057	outreach
8058	spelling
8059	proceeds
8060	celebrated
8061	stellar
8062	baked
8063	alignment
8064	catalyst
8065	fetus
8066	extremist
8067	contour
8068	whine
8069	perpetrator
8070	ordinance
8071	wardrobe
8072	gulf
8073	grease
8074	hawk
8075	imaginative
8076	Episcopal
8077	aviation
8078	doctoral
8079	pathetic
8080	mercury
8081	decay
8082	silhouette
8083	struggling
8084	conserve
8085	hen
8086	hopeless
8087	revisit
8088	confide
8089	node
8090	fasten
8091	portrayal
8092	pinch
8093	chase
8094	working
8095	resonance
8096	noodle
8097	moonlight
8098	villain
8099	specially
8100	durable
8101	generosity
8102	casting
8103	shaky
8104	compass
8105	bowling
8106	revised
8107	sift
8108	capitalize
8109	industrialized
8110	specific
8111	cap
8112	bail
8113	dropout
8114	executive
8115	deliberation
8116	podium
8117	novelty
8118	hoop
8119	outset
8120	martial
8121	brightness
8122	repay
8123	irresponsible
8124	schooling
8125	grouping
8126	neon
8127	flooding
8128	pastel
8129	prop
8130	jeopardize
8131	chili
8132	subscribe
8133	stimulation
8134	border
8135	functioning
8136	sprout
8137	cardiovascular
8138	gland
8139	institute
8140	pigeon
8141	spinal
8142	dial
8143	heighten
8144	eve
8145	sociology
8146	expressive
8147	moose
8148	yearn
8149	shower
8150	gig
8151	mutually
8152	unsure
8153	bound
8154	latitude
8155	prostitution
8156	meaningless
8157	ceramics
8158	adorn
8159	acceleration
8160	detainee
8161	rabbi
8162	equate
8163	clearing
8164	unseen
8165	Asian
8166	alarm
8167	inaugural
8168	Shiite
8169	Hindu
8170	theoretically
8171	unify
8172	famed
8173	twisted
8174	turnout
8175	indifference
8176	pharmacy
8177	contingency
8178	bill
8179	whirl
8180	wavelength
8181	curb
8182	categorize
8183	distinctly
8184	spiral
8185	attempted
8186	cardiac
8187	bridge
8188	plow
8189	flutter
8190	flirt
8191	punk
8192	surf
8193	paw
8194	computerized
8195	atrocity
8196	sovereign
8197	hypothetical
8198	trick
8199	flying
8200	postmodern
8201	cooler
8202	swim
8203	blessed
8204	delete
8205	flicker
8206	incur
8207	glamorous
8208	brag
8209	successive
8210	souvenir
8211	slate
8212	carpenter
8213	benchmark
8214	exhausted
8215	familiarity
8216	plank
8217	blaze
8218	relaxation
8219	lousy
8220	brand-new
8221	GDP
8222	biscuit
8223	conversely
8224	narrowly
8225	tortilla
8226	disciple
8227	angrily
8228	vet
8229	backlash
8230	physiological
8231	monastery
8232	bakery
8233	hesitation
8234	headlight
8235	consortium
8236	apron
8237	thunder
8238	intern
8239	vow
8240	nostalgia
8241	independent
8242	preclude
8243	litter
8244	divorced
8245	exquisite
8246	waterfall
8247	initiation
8248	sniper
8249	automated
8250	dear
8251	uneven
8252	without
8253	infected
8254	accordance
8255	bodyguard
8256	sic
8257	swap
8258	immerse
8259	coyote
8260	mustache
8261	consciously
8262	thug
8263	fry
8264	plaza
8265	misunderstanding
8266	jealousy
8267	cadet
8268	freeze
8269	aura
8270	petroleum
8271	face-to-face
8272	flap
8273	submission
8274	preheat
8275	honeymoon
8276	drastic
8277	farewell
8278	chilling
8279	competitiveness
8280	patriotism
8281	striped
8282	advent
8283	disciplinary
8284	crush
8285	woe
8286	ripple
8287	imbalance
8288	saut��
8289	moderately
8290	shortcoming
8291	poker
8292	indoors
8293	eighteenth
8294	seam
8295	restructure
8296	cookbook
8297	longing
8298	booster
8299	carved
8300	broadcaster
8301	alienate
8302	swimmer
8303	sting
8304	idle
8305	softball
8306	dolphin
8307	exhaustion
8308	anatomy
8309	liberalism
8310	chill
8311	pinpoint
8312	pivotal
8313	cinema
8314	ragged
8315	sandal
8316	low
8317	lavender
8318	ubiquitous
8319	solitude
8320	drunken
8321	square
8322	dissent
8323	sculptor
8324	Kurd
8325	haze
8326	mince
8327	scenery
8328	scenic
8329	cosmos
8330	grove
8331	inch
8332	disconnect
8333	front
8334	courageous
8335	authenticity
8336	fragrance
8337	converge
8338	luckily
8339	Syrian
8340	trivial
8341	designation
8342	celery
8343	systemic
8344	porcelain
8345	gleaming
8346	inventor
8347	deception
8348	pricing
8349	buzz
8350	reinvent
8351	scanner
8352	fines
8353	expanse
8354	gourmet
8355	clump
8356	socket
8357	boxer
8358	aquatic
8359	cycling
8360	famine
8361	disappoint
8362	bolt
8363	eerie
8364	directory
8365	moderate
8366	arrogance
8367	start-up
8368	subdivision
8369	liaison
8370	cassette
8371	dwelling
8372	colon
8373	lighter
8374	engineer
8375	carving
8376	algorithm
8377	Dominican
8378	flap
8379	harden
8380	decidedly
8381	hinder
8382	evacuation
8383	Turk
8384	frank
8385	overhead
8386	burner
8387	cluster
8388	clamp
8389	patiently
8390	armored
8391	sage
8392	trooper
8393	hack
8394	irrational
8395	pristine
8396	paperback
8397	boutique
8398	abnormal
8399	diver
8400	creditor
8401	pit
8402	navigation
8403	hollow
8404	plaster
8405	redemption
8406	alpine
8407	prosper
8408	improper
8409	escort
8410	shelter
8411	co-founder
8412	bang
8413	bamboo
8414	plasma
8415	tread
8416	stifle
8417	interception
8418	pianist
8419	downward
8420	cough
8421	divided
8422	sanction
8423	synthesis
8424	Danish
8425	insecurity
8426	adaptive
8427	boarding
8428	toast
8429	inclination
8430	heartbeat
8431	dot
8432	sentimental
8433	stainless
8434	monumental
8435	recognizable
8436	memorize
8437	upscale
8438	inclusive
8439	vocational
8440	ninety
8441	snort
8442	pilgrimage
8443	annoying
8444	turnaround
8445	superficial
8446	vapor
8447	excursion
8448	hallmark
8449	mask
8450	puff
8451	playing
8452	rig
8453	misunderstand
8454	reviewer
8455	nightclub
8456	thyme
8457	mortar
8458	pecan
8459	bloc
8460	backing
8461	demonstrator
8462	asphalt
8463	microscope
8464	sharpen
8465	spear
8466	subscription
8467	savor
8468	satisfactory
8469	superpower
8470	liable
8471	cucumber
8472	ledge
8473	crooked
8474	modernity
8475	impending
8476	mediation
8477	best-seller
8478	broadcasting
8479	bitterness
8480	groove
8481	relay
8482	chimney
8483	lantern
8484	packed
8485	blind
8486	overtime
8487	dorm
8488	aroma
8489	ye
8490	heroine
8491	jog
8492	weekday
8493	occupant
8494	curved
8495	thwart
8496	awfully
8497	cruelty
8498	plateau
8499	cosmetic
8500	fin
8501	stint
8502	dispense
8503	buffet
8504	socialize
8505	slaughter
8506	lateral
8507	retrospect
8508	lily
8509	clubhouse
8510	court
8511	take
8512	ready
8513	grapple
8514	floral
8515	damaging
8516	recommended
8517	stocking
8518	heightened
8519	citation
8520	congratulate
8521	mingle
8522	surrender
8523	pony
8524	seed
8525	centerpiece
8526	trot
8527	characterization
8528	hospitality
8529	seriousness
8530	imperative
8531	peripheral
8532	grammar
8533	eternity
8534	modernization
8535	howl
8536	respectful
8537	indifferent
8538	dude
8539	railway
8540	compression
8541	impoverished
8542	cricket
8543	synagogue
8544	ominous
8545	martyr
8546	rotten
8547	litter
8548	structured
8549	ethanol
8550	humidity
8551	lightweight
8552	farmhouse
8553	relic
8554	deceive
8555	hype
8556	acting
8557	vodka
8558	programmer
8559	eligibility
8560	downturn
8561	crane
8562	coating
8563	pod
8564	democratization
8565	decree
8566	vie
8567	present
8568	jeopardy
8569	collaborator
8570	unfinished
8571	materialize
8572	hop
8573	anguish
8574	lesion
8575	grill
8576	abstraction
8577	commanding
8578	irregular
8579	churn
8580	bodily
8581	variability
8582	promoter
8583	footprint
8584	indefinitely
8585	crow
8586	transitional
8587	empowerment
8588	discount
8589	oblivious
8590	faded
8591	thankful
8592	muster
8593	jerk
8594	rap
8595	prominence
8596	cannon
8597	narcotic
8598	multitude
8599	cloak
8600	vault
8601	knit
8602	temperament
8603	drummer
8604	disruptive
8605	degrade
8606	chilly
8607	convoy
8608	flank
8609	playful
8610	performing
8611	mildly
8612	lag
8613	nylon
8614	vitality
8615	low-cost
8616	abide
8617	Thai
8618	diploma
8619	cumulative
8620	lash
8621	mixing
8622	unconstitutional
8623	archaeology
8624	trim
8625	enclose
8626	flare
8627	high-level
8628	darken
8629	accumulation
8630	insulation
8631	rove
8632	fluctuation
8633	imprison
8634	momentarily
8635	irritate
8636	fake
8637	parasite
8638	retaliation
8639	outskirts
8640	unpopular
8641	worsen
8642	chosen
8643	devour
8644	aged
8645	con
8646	tasty
8647	simplify
8648	haircut
8649	envy
8650	sensory
8651	hefty
8652	noticeable
8653	crushed
8654	pry
8655	denomination
8656	cock
8657	group
8658	dictionary
8659	yep
8660	handkerchief
8661	complementary
8662	thicken
8663	consolidation
8664	radiate
8665	whereby
8666	addict
8667	bend
8668	bitterly
8669	boycott
8670	curiously
8671	parallel
8672	dresser
8673	humane
8674	customary
8675	minor
8676	contest
8677	skim
8678	rubber
8679	alas
8680	digit
8681	mystical
8682	metallic
8683	stigma
8684	deceased
8685	restrictive
8686	pudding
8687	intuition
8688	Hispanic
8689	grate
8690	referee
8691	granddaughter
8692	accustomed
8693	canon
8694	sociologist
8695	reckon
8696	eccentric
8697	overhear
8698	reel
8699	enthusiast
8700	delight
8701	volcanic
8702	gracious
8703	bargain
8704	dissatisfaction
8705	charismatic
8706	thread
8707	damaged
8708	entertainer
8709	refrigerate
8710	transparency
8711	gold
8712	continuum
8713	resolve
8714	zoning
8715	nebula
8716	quake
8717	guided
8718	exhaust
8719	diversify
8720	athletics
8721	overthrow
8722	muffin
8723	doctorate
8724	fort
8725	drawback
8726	dazzling
8727	freight
8728	stink
8729	demeanor
8730	clout
8731	rival
8732	trade-off
8733	reckless
8734	insurgency
8735	ape
8736	tempting
8737	glossy
8738	grumble
8739	foreground
8740	private
8741	influx
8742	sting
8743	announcer
8744	thickness
8745	vengeance
8746	salsa
8747	bacterial
8748	ghetto
8749	sprint
8750	mar
8751	toxin
8752	drastically
8753	heavyweight
8754	terrifying
8755	rooftop
8756	lighten
8757	absorption
8758	housewife
8759	apprentice
8760	moth
8761	outward
8762	sizable
8763	allude
8764	hemisphere
8765	handicap
8766	decision-making
8767	normative
8768	phony
8769	furnishings
8770	alternate
8771	catfish
8772	cavalry
8773	cleric
8774	affective
8775	fig
8776	epic
8777	hand-held
8778	rogue
8779	piss
8780	entrepreneurial
8781	seduce
8782	starving
8783	amaze
8784	wig
8785	supernatural
8786	seating
8787	amenities
8788	renovate
8789	coax
8790	meteor
8791	eh
8792	zoom
8793	shake
8794	rein
8795	attest
8796	climber
8797	electorate
8798	mutation
8799	musical
8800	package
8801	commercially
8802	minus
8803	eyewitness
8804	number
8805	decision-making
8806	grievance
8807	pneumonia
8808	brutality
8809	duct
8810	three-quarters
8811	thriller
8812	pulp
8813	stuffed
8814	grown-up
8815	woo
8816	nostril
8817	helm
8818	monarch
8819	seep
8820	eyelid
8821	cradle
8822	paranoid
8823	champion
8824	lending
8825	uniquely
8826	curry
8827	raise
8828	pathogen
8829	eruption
8830	stomp
8831	crook
8832	ranger
8833	scalp
8834	cherish
8835	relish
8836	thou
8837	spacious
8838	crank
8839	censorship
8840	unravel
8841	smuggle
8842	bound
8843	annoyed
8844	mint
8845	soothing
8846	commonplace
8847	mislead
8848	dawn
8849	dip
8850	persuasive
8851	premium
8852	classified
8853	incidentally
8854	PhD
8855	mock
8856	deregulation
8857	generalization
8858	contraction
8859	avid
8860	mythology
8861	emanate
8862	stalk
8863	farmland
8864	municipality
8865	boredom
8866	unrealistic
8867	Latin
8868	inaccurate
8869	commemorate
8870	groom
8871	slaughter
8872	filthy
8873	defer
8874	exceptionally
8875	rampant
8876	chile
8877	outweigh
8878	nanny
8879	stylish
8880	abrupt
8881	demographics
8882	terminal
8883	simultaneous
8884	tabloid
8885	Baptist
8886	nonexistent
8887	fulfillment
8888	antiquity
8889	attacker
8890	nestle
8891	glimpse
8892	veer
8893	downside
8894	utter
8895	Cuban
8896	automotive
8897	amazingly
8898	shred
8899	gunfire
8900	refreshing
8901	nuisance
8902	ailment
8903	tier
8904	heater
8905	upgrade
8906	reunite
8907	fugitive
8908	recorded
8909	intrusion
8910	versatile
8911	caucus
8912	whore
8913	dizzy
8914	Lutheran
8915	unchanged
8916	rumble
8917	hired
8918	visualize
8919	battalion
8920	president-elect
8921	semiconductor
8922	symphony
8923	putt
8924	Catholicism
8925	thirty-five
8926	growl
8927	juicy
8928	purity
8929	gel
8930	bank
8931	sag
8932	following
8933	intentional
8934	contestant
8935	vomit
8936	raid
8937	wear
8938	brokerage
8939	frantically
8940	reiterate
8941	exterior
8942	rhythmic
8943	makeshift
8944	endlessly
8945	clutch
8946	delightful
8947	skeptic
8948	buffer
8949	conditioner
8950	anticipated
8951	handgun
8952	covert
8953	wrongdoing
8954	aerobic
8955	same-sex
8956	goodwill
8957	candidacy
8958	perpetual
8959	baseman
8960	scout
8961	improvise
8962	facet
8963	collegiate
8964	beckon
8965	assortment
8966	Navajo
8967	subside
8968	illicit
8969	Buddhist
8970	slipper
8971	three-dimensional
8972	challenger
8973	disarm
8974	quiz
8975	impede
8976	freelance
8977	aerospace
8978	mole
8979	preoccupation
8980	antibody
8981	internally
8982	geological
8983	clench
8984	barren
8985	suicidal
8986	needy
8987	hinge
8988	chart
8989	petal
8990	hierarchical
8991	graffiti
8992	billing
8993	doom
8994	outspoken
8995	restricted
8996	bob
8997	timetable
8998	hypothesize
8999	wince
9000	hard-working
9001	cliche
9002	forefront
9003	chuck
9004	Presbyterian
9005	rig
9006	spokesperson
9007	differential
9008	observatory
9009	mundane
9010	wreckage
9011	liberalization
9012	raspberry
9013	prudent
9014	celestial
9015	Taliban
9016	lest
9017	unanimous
9018	flute
9019	inner-city
9020	tavern
9021	flock
9022	continuation
9023	barracks
9024	assassin
9025	nipple
9026	zero
9027	cedar
9028	smear
9029	dangerously
9030	all-purpose
9031	intellect
9032	popcorn
9033	contemporary
9034	beginner
9035	flex
9036	dim
9037	etch
9038	nightly
9039	shut
9040	persecution
9041	first-time
9042	worthless
9043	preoccupied
9044	inspired
9045	rake
9046	outright
9047	quotation
9048	assassinate
9049	chestnut
9050	cilantro
9051	plumbing
9052	tick
9053	perennial
9054	tremendously
9055	longevity
9056	overlap
9057	muse
9058	inflate
9059	stunned
9060	infuse
9061	trickle
9062	variant
9063	kinship
9064	anomaly
9065	intellectually
9066	mogul
9067	windy
9068	handler
9069	moral
9070	obsolete
9071	greatness
9072	culprit
9073	in-depth
9074	differing
9075	zip
9076	bankrupt
9077	insignificant
9078	high-risk
9079	jointly
9080	causal
9081	recycled
9082	overtake
9083	flip
9084	coping
9085	wonderfully
9086	cache
9087	watcher
9088	cross-country
9089	arbitration
9090	introductory
9091	bunk
9092	sweaty
9093	bedside
9094	excavation
9095	flank
9096	greedy
9097	salvage
9098	sequel
9099	machine
9100	disparate
9101	envy
9102	make
9103	wail
9104	surrogate
9105	disadvantaged
9106	boot
9107	punitive
9108	storytelling
9109	blender
9110	helper
9111	yearly
9112	misconduct
9113	shepherd
9114	scissors
9115	elder
9116	anecdote
9117	sophistication
9118	token
9119	admittedly
9120	co-op
9121	negotiating
9122	boom
9123	soybean
9124	dismissal
9125	autograph
9126	plywood
9127	apparel
9128	tense
9129	contentious
9130	accomplished
9131	frail
9132	trumpet
9133	entree
9134	wreck
9135	high-end
9136	orchestrate
9137	rash
9138	disgusting
9139	fucking
9140	universally
9141	box
9142	participating
9143	jack
9144	brace
9145	hone
9146	gunshot
9147	congestion
9148	verb
9149	continental
9150	sever
9151	indispensable
9152	brown
9153	cocoa
9154	ancestral
9155	intently
9156	clearance
9157	shrug
9158	washing
9159	dye
9160	procedural
9161	revolt
9162	factual
9163	pamphlet
9164	buckle
9165	discredit
9166	shore
9167	fern
9168	puzzle
9169	salute
9170	pajamas
9171	long-range
9172	bun
9173	ooh
9174	Judaism
9175	inscription
9176	waiting
9177	oriental
9178	clasp
9179	mitigate
9180	freak
9181	stepfather
9182	damn
9183	tidal
9184	hardwood
9185	chronicle
9186	swarm
9187	asbestos
9188	mixer
9189	citrus
9190	groundwater
9191	blockbuster
9192	deterioration
9193	superior
9194	alteration
9195	intended
9196	grit
9197	vantage
9198	tow
9199	interruption
9200	raisin
9201	unrest
9202	puddle
9203	obstruction
9204	soothe
9205	experimentation
9206	peninsula
9207	visionary
9208	duo
9209	blush
9210	calling
9211	despise
9212	enjoyable
9213	dismay
9214	mailbox
9215	by-product
9216	fend
9217	emulate
9218	intruder
9219	untouched
9220	lavish
9221	pilgrim
9222	doubtful
9223	shutter
9224	symbolism
9225	refrain
9226	jelly
9227	checklist
9228	pointed
9229	affected
9230	outgoing
9231	midwestern
9232	clone
9233	ballroom
9234	logging
9235	shoulder
9236	knuckle
9237	curtail
9238	bladder
9239	milestone
9240	ceremonial
9241	hamper
9242	retrospective
9243	confidentiality
9244	lineage
9245	reappear
9246	booming
9247	amusing
9248	herbal
9249	vegetarian
9250	banquet
9251	fine
9252	frost
9253	flash
9254	motto
9255	china
9256	trash
9257	luxurious
9258	on-site
9259	ratify
9260	equilibrium
9261	gravy
9262	said
9263	flare
9264	guaranteed
9265	seasoning
9266	fragrant
9267	upheaval
9268	walker
9269	lava
9270	ache
9271	ballpark
9272	irresistible
9273	phenomenal
9274	damned
9275	sustainability
9276	tuberculosis
9277	peacefully
9278	yellow
9279	fluorescent
9280	fireman
9281	sparkling
9282	imposing
9283	womb
9284	pioneer
9285	inadvertently
9286	bouquet
9287	murky
9288	sighting
9289	spiral
9290	enclave
9291	bourgeois
9292	chalk
9293	demanding
9294	psychologically
9295	bully
9296	tutor
9297	pigment
9298	pineapple
9299	furnace
9300	depressing
9301	anthrax
9302	leftist
9303	mediator
9304	trek
9305	gadget
9306	stunt
9307	intuitive
9308	caption
9309	fortress
9310	alcoholism
9311	augment
9312	racer
9313	nuance
9314	lifting
9315	wisely
9316	devastation
9317	safeguard
9318	blaze
9319	undercut
9320	touching
9321	shun
9322	coordinate
9323	binding
9324	eradicate
9325	underwater
9326	malaria
9327	displacement
9328	scam
9329	interdisciplinary
9330	crossroads
9331	fallout
9332	horrific
9333	larva
9334	raising
9335	blur
9336	rapper
9337	cartridge
9338	heed
9339	allergic
9340	lurch
9341	insulin
9342	midday
9343	one-year
9344	comb
9345	barber
9346	unsafe
9347	last-minute
9348	Indonesian
9349	scant
9350	rocker
9351	liken
9352	gamble
9353	licensed
9354	console
9355	Arabic
9356	adjacent
9357	reaffirm
9358	flea
9359	brisk
9360	heave
9361	solemn
9362	scar
9363	jumper
9364	glaze
9365	bounty
9366	cramped
9367	concur
9368	fatty
9369	avoidance
9370	open-ended
9371	authoritative
9372	coma
9373	hymn
9374	Finn
9375	tolerant
9376	irritation
9377	ostensibly
9378	capitalist
9379	hound
9380	blindness
9381	livelihood
9382	chemist
9383	after
9384	dread
9385	camper
9386	disregard
9387	rainfall
9388	paddle
9389	cranberry
9390	crib
9391	freak
9392	gala
9393	inflammation
9394	outnumber
9395	syllable
9396	per
9397	inscribe
9398	deprivation
9399	revealing
9400	proxy
9401	award-winning
9402	clumsy
9403	alphabet
9404	punctuate
9405	spaghetti
9406	expansive
9407	stringent
9408	instinctively
9409	limestone
9410	pollute
9411	prod
9412	sliding
9413	portal
9414	incumbent
9415	energize
9416	handwriting
9417	motivational
9418	motherhood
9419	singular
9420	hypocrisy
9421	federally
9422	amused
9423	autism
9424	overt
9425	covered
9426	belongings
9427	Iranian
9428	hatch
9429	mourning
9430	guru
9431	backer
9432	outpost
9433	captive
9434	wedge
9435	textual
9436	cartel
9437	opposite
9438	curly
9439	Martian
9440	back
9441	gin
9442	duplicate
9443	coil
9444	infer
9445	bedtime
9446	evidence
9447	unreasonable
9448	sole
9449	conservatism
9450	reprint
9451	rename
9452	hunch
9453	gaming
9454	fundamentalist
9455	brand
9456	rack
9457	lineman
9458	redeem
9459	richness
9460	hysterical
9461	listening
9462	twenty-two
9463	fraternity
9464	folly
9465	germ
9466	unofficial
9467	butcher
9468	chic
9469	stray
9470	affinity
9471	secondary
9472	drugstore
9473	strangle
9474	Haitian
9475	elude
9476	appetizer
9477	replica
9478	sprawl
9479	stray
9480	contingent
9481	daring
9482	firsthand
9483	advancing
9484	twitch
9485	pup
9486	tanker
9487	fellowship
9488	ex-wife
9489	overflow
9490	high
9491	carton
9492	multiple
9493	engender
9494	crisp
9495	sponsorship
9496	spike
9497	brigade
9498	shriek
9499	elegance
9500	dreadful
9501	artisan
9502	paramount
9503	shoreline
9504	lace
9505	suffice
9506	glamour
9507	aesthetics
9508	sponge
9509	bail
9510	powerless
9511	towering
9512	limo
9513	burgeoning
9514	dissertation
9515	preferably
9516	tug
9517	fridge
9518	racist
9519	needless
9520	inconsistency
9521	terminology
9522	menace
9523	blind
9524	opaque
9525	rewarding
9526	nausea
9527	academically
9528	asparagus
9529	editing
9530	optics
9531	horseback
9532	crunch
9533	fuss
9534	falter
9535	world-class
9536	orchid
9537	cracked
9538	console
9539	humiliate
9540	multilateral
9541	hastily
9542	cactus
9543	massage
9544	numb
9545	pluralism
9546	orbit
9547	Hebrew
9548	warden
9549	famously
9550	pan
9551	racially
9552	willingly
9553	miraculous
9554	socialization
9555	relay
9556	tyranny
9557	heavenly
9558	pouch
9559	gravitational
9560	cupboard
9561	unnoticed
9562	crackdown
9563	Saudi
9564	breadth
9565	amazement
9566	dread
9567	extinct
9568	gangster
9569	vividly
9570	orphanage
9571	muted
9572	twenty-one
9573	cloning
9574	parallel
9575	sterile
9576	networking
9577	gorilla
9578	refinery
9579	Cherokee
9580	impetus
9581	lad
9582	scurry
9583	futile
9584	caring
9585	residency
9586	self-determination
9587	weather
9588	cutter
9589	salty
9590	hanging
9591	one-half
9592	assimilation
9593	conspicuous
9594	invasive
9595	plump
9596	bowel
9597	accused
9598	satin
9599	idol
9600	cultivation
9601	asshole
9602	peel
9603	unilateral
9604	dice
9605	braid
9606	one-way
9607	hustle
9608	ballad
9609	reshape
9610	stud
9611	barefoot
9612	posit
9613	ordinarily
9614	tenor
9615	flavor
9616	platoon
9617	placebo
9618	shady
9619	losing
9620	ruthless
9621	magician
9622	waver
9623	emptiness
9624	Egyptian
9625	puff
9626	carcass
9627	cripple
9628	outlaw
9629	state-of-the-art
9630	ecstasy
9631	radius
9632	footing
9633	prophecy
9634	broom
9635	trendy
9636	man-made
9637	screenplay
9638	unison
9639	motorist
9640	unthinkable
9641	lining
9642	grab
9643	beet
9644	framed
9645	banish
9646	gloom
9647	salient
9648	bestow
9649	candid
9650	brief
9651	intimidating
9652	hoist
9653	bandage
9654	undertaking
9655	assimilate
9656	upbeat
9657	tangle
9658	flier
9659	counting
9660	misconception
9661	slump
9662	bug
9663	waiver
9664	fundamentalist
9665	solving
9666	fairway
9667	dysfunction
9668	rearrange
9669	hasten
9670	prolong
9671	jagged
9672	digest
9673	doughnut
9674	plume
9675	hesitant
9676	curve
9677	relinquish
9678	noteworthy
9679	flurry
9680	dismal
9681	medium-high
9682	commence
9683	apprehension
9684	clog
9685	infantry
9686	forty-five
9687	sloppy
9688	tangled
9689	predicament
9690	algae
9691	garnish
9692	unmarried
9693	sweetness
9694	cut-off
9695	override
9696	perish
9697	healer
9698	attentive
9699	notch
9700	one-on-one
9701	dealership
9702	donkey
9703	locus
9704	camp
9705	blueberry
9706	groom
9707	transcribe
9708	vicinity
9709	motionless
9710	rebel
9711	humility
9712	pleasing
9713	billionaire
9714	tickle
9715	audio
9716	jockey
9717	mango
9718	stuck
9719	limp
9720	biotechnology
9721	polish
9722	key
9723	traveling
9724	bony
9725	anthem
9726	vanity
9727	scour
9728	caffeine
9729	dilute
9730	televised
9731	twig
9732	throughout
9733	bulky
9734	freshwater
9735	outdoors
9736	Cherokee
9737	skyline
9738	repeat
9739	waterway
9740	kite
9741	ultraviolet
9742	wizard
9743	ascend
9744	borrower
9745	exempt
9746	compress
9747	mortal
9748	ashore
9749	downhill
9750	pageant
9751	eldest
9752	overshadow
9753	limiting
9754	sight
9755	rectangular
9756	best-known
9757	lunge
9758	unhealthy
9759	reed
9760	alligator
9761	ensue
9762	havoc
9763	sulfur
9764	rum
9765	intimately
9766	terrified
9767	marvel
9768	repeal
9769	evade
9770	two-way
9771	inference
9772	persuasion
9773	spill
9774	monarchy
9775	chlorine
9776	riches
9777	halo
9778	pedal
9779	wed
9780	sane
9781	scoop
9782	promotional
9783	size
9784	colonist
9785	somber
9786	containment
9787	robber
9788	engulf
9789	unsettle
9790	malpractice
9791	subtly
9792	generating
9793	magnify
9794	admirer
9795	bilingual
9796	then
9797	misguided
9798	clash
9799	CD-ROM
9800	mailing
9801	shine
9802	deity
9803	sinister
9804	metabolism
9805	outburst
9806	ascertain
9807	warranty
9808	auditorium
9809	juggle
9810	plainly
9811	casket
9812	deflect
9813	defiance
9814	poisoning
9815	starvation
9816	plentiful
9817	caretaker
9818	microscopic
9819	defining
9820	mower
9821	lofty
9822	rusty
9823	staggering
9824	incarnation
9825	limousine
9826	amplify
9827	horrify
9828	meager
9829	pollen
9830	grunt
9831	fume
9832	shear
9833	self-confidence
9834	terrestrial
9835	might
9836	seeker
9837	snowy
9838	luminous
9839	guitarist
9840	inauguration
9841	maritime
9842	dryer
9843	foyer
9844	breaking
9845	dent
9846	modernist
9847	rot
9848	permeate
9849	remotely
9850	late-night
9851	snow
9852	alienation
9853	negative
9854	pollster
9855	bash
9856	loophole
9857	jug
9858	pro
9859	acquaint
9860	best
9861	perk
9862	statistic
9863	skater
9864	afflict
9865	defiant
9866	amass
9867	managed
9868	apiece
9869	slum
9870	taxation
9871	browse
9872	soaring
9873	licensing
9874	swollen
9875	traverse
9876	tan
9877	protector
9878	inefficient
9879	implicitly
9880	prominently
9881	unto
9882	cyclist
9883	oppressive
9884	thermometer
9885	convert
9886	savvy
9887	arousal
9888	finite
9889	mow
9890	disdain
9891	cape
9892	unnatural
9893	grunt
9894	skin
9895	trafficking
9896	impart
9897	Arabic
9898	parachute
9899	vibrate
9900	comer
9901	poignant
9902	precursor
9903	discontent
9904	swoop
9905	marketer
9906	speedy
9907	hippie
9908	cleansing
9909	statutory
9910	conflict
9911	amuse
9912	eclectic
9913	vinyl
9914	underline
9915	intimidation
9916	dissident
9917	hiker
9918	close-up
9919	mileage
9920	coaster
9921	treadmill
9922	relegate
9923	faintly
9924	motivated
9925	browser
9926	centralized
9927	snag
9928	geologist
9929	pundit
9930	stained
9931	newfound
9932	live
9933	abdomen
9934	speculative
9935	conspire
9936	prescribed
9937	twenty-first
9938	bearded
9939	partition
9940	uniformed
9941	shadowy
9942	oust
9943	deterrent
9944	reserved
9945	swelling
9946	sly
9947	hairy
9948	pioneering
9949	entice
9950	squarely
9951	quantify
9952	postseason
9953	communion
9954	recurring
9955	silicon
9956	interpretive
9957	prom
9958	marrow
9959	denote
9960	orbital
9961	occupied
9962	platinum
9963	self-conscious
9964	radiant
9965	timeless
9966	storyteller
9967	stitch
9968	demolish
9969	motion
9970	backbone
9971	side
9972	nope
9973	berth
9974	reign
9975	semifinal
9976	transnational
9977	seminary
9978	loaded
9979	checkpoint
9980	authorization
9981	receptor
9982	furiously
9983	resume
9984	greasy
9985	bonding
9986	spiral
9987	pant
9988	populist
9989	devoid
9990	chaplain
9991	armchair
9992	immoral
9993	grieve
9994	bathtub
9995	cast
9996	walkway
9997	supernova
9998	assorted
9999	receptive
10000	voltage
